threat_name,sig_type,sig_data
"_!AYOSpy.A","SIGNATURE_TYPE_THREAT_BEGIN","E14400000000010002000A00F02141594F5370792E410000024004836C000200"
"_!AYOSpy.A","SIGNATURE_TYPE_PEHSTR","190019000C00000500105C00410059004F002E0076006200700005002044003A005C00410059004F002000580020004C006F0067006700650072005C000200344675636B20746865206F6E652077686F20697320747279696E6720746F20437261636B2074686973204170706C69636174696F6E01000B746D7253656E644D61696C01000844617461324C6F6701000853595343484F535405001E4200350036006D00780040007900610068006F006F002E0043006F006D0005005868007400740070003A002F002F007700770077002E0062006F0075006B0061006E002E0038006D002E006E00650074002F00410059004F005F0053006F00660074002F0049006E006400650078002E00680074006D006C000100054D61696E46030018730079007300630068006F00730074002E0065007800650001004A5300690067006E00200049006E003B002A0043006F006E006E006500630074002A003B002A0049006E007400650072006E006500740020004500780070006C006F007200650072002A000300125B005000610073007400650064002D003E000000"
"_!AYOSpy.A","SIGNATURE_TYPE_PEHSTR","1A001A001200000500105C00410059004F002E0076006200700005002044003A005C00410059004F002000580020004C006F0067006700650072005C000200344675636B20746865206F6E652077686F20697320747279696E6720746F20437261636B2074686973204170706C69636174696F6E05001A2D004600750063006B005900610042006900740063006800210001001A3C0052006900670068007400200043006C00690063006B003E000100183C004C00650066007400200043006C00690063006B003E000500C67300790073007600650072002E006500780065003B0073007900730069006E0066006F002E006500780065003B007300790073006C006E0066006F002E006500780065003B00730079007300630068006F00730074002E006500780065003B006E006500740063006D00640020002E006500780065003B006E006500740063006F006E0066006900670020002E006500780065003B006E006500740063006D0064002E006500780065003B006E006500740063006F006E006600690067002E00650078006500010014500061007300730077006F007200640020003A0001001C440069007300610062006C0065005400610073006B004D0067007200010028440069007300610062006C0065005200650067006900730074007200790054006F006F006C007300010014770069006E007600650072002E006500780065000100164D007000660054007200610079002E006500780065000100185300770061007000490063006F006E002E0062006100730001000B746D7253656E644D61696C01000844617461324C6F6705000853595343484F53540100054D61696E460300125B005000610073007400650064002D003E000000"
"_!AYOSpy.A","SIGNATURE_TYPE_THREAT_END","E1440000"
"BrowserModifier:Win32/Accoona","SIGNATURE_TYPE_THREAT_BEGIN","ED450000000001000D001D0042726F777365724D6F6469666965723A57696E33322F4163636F6F6E6100000140048211000400"
"BrowserModifier:Win32/Accoona","SIGNATURE_TYPE_PEHSTR","03000300030000010021415365617263684173736973742E444C4C00446C6C43616E556E6C6F61644E6F77010017687474703A2F2F7777772E6163636F6F6E612E636F6D2F010018433A5C50726F6772616D2046696C65735C4163636F6F6E610000"
"BrowserModifier:Win32/Accoona","SIGNATURE_TYPE_THREAT_END","ED450000"
"BrowserModifier:Win32/Okcashpoint","SIGNATURE_TYPE_THREAT_BEGIN","B2460000000001000D00210042726F777365724D6F6469666965723A57696E33322F4F6B63617368706F696E7400000340048211000400"
"BrowserModifier:Win32/Okcashpoint","SIGNATURE_TYPE_PEHSTR","090009000900000100244D6963726F736F66742056697375616C20432B2B2052756E74696D65204C69627261727901002D536F6674776172655C4D6963726F736F66745C57696E646F77735C43757272656E7456657273696F6E5C52756E01000C4E61766572544F4F6C62617201000B6F6B63706D67722E657865010008757365722E64617401000A7265776F72642E636667010011446C6C5265676973746572536572766572010010496E7465726E65744F70656E55726C41010010496E7465726E65745265616446696C650000"
"BrowserModifier:Win32/Okcashpoint","SIGNATURE_TYPE_PEHSTR","07000700070000010049534F4654574152455C4D6963726F736F66745C57696E646F77735C43757272656E7456657273696F6E5C4578706C6F7265725C42726F777365722048656C706572204F626A6563747301002D536F6674776172655C4D6963726F736F66745C57696E646F77735C43757272656E7456657273696F6E5C52756E0100106F6B2D63617368706F696E742E636F6D01000B6F6B63706D67722E65786501002441414139464533332D353238462D343841382D413938422D343939314639443936444441010010496E7465726E65744F70656E55726C41010010496E7465726E65745265616446696C650000"
"BrowserModifier:Win32/Okcashpoint","SIGNATURE_TYPE_PEHSTR","07000700070000010049534F4654574152455C4D6963726F736F66745C57696E646F77735C43757272656E7456657273696F6E5C4578706C6F7265725C42726F777365722048656C706572204F626A6563747301002D536F6674776172655C4D6963726F736F66745C57696E646F77735C43757272656E7456657273696F6E5C52756E0100106F6B2D63617368706F696E742E636F6D01000B6F6B63706D67722E65786501002441414139464533332D353238462D343841382D413938422D343939314639443936444441010018437265617465546F6F6C68656C703332536E617073686F74010011446C6C52656769737465725365727665720000"
"BrowserModifier:Win32/Okcashpoint","SIGNATURE_TYPE_THREAT_END","B2460000"
"BrowserModifier:Win32/Cashbacksys","SIGNATURE_TYPE_THREAT_BEGIN","B7460000000001000D00210042726F777365724D6F6469666965723A57696E33322F436173686261636B73797300000140048211000400"
"BrowserModifier:Win32/Cashbacksys","SIGNATURE_TYPE_PEHSTR","0700070007000001001B534F4654574152455C426F726C616E645C44656C7068695C52544C010013636173686261636B2D7379736261722E646C6C010012636173686261636B2D7379735F322E646C6C01005D536F6674776172655C4D6963726F736F66745C57696E646F77735C43757272656E7456657273696F6E5C4578745C53657474696E67735C7B35413932313631332D333233462D343930362D413032362D4237323035463341303145467D010031534F4654574152455C4D6963726F736F66745C57696E646F77735C43757272656E7456657273696F6E5C52756E4F6E636501000C4372656174654D7574657841010012577269746550726F636573734D656D6F72790000"
"BrowserModifier:Win32/Cashbacksys","SIGNATURE_TYPE_THREAT_END","B7460000"
"_!Harnig.gen!A","SIGNATURE_TYPE_THREAT_BEGIN","DB6001000000010008000E00AC214861726E69672E67656E214100000140058370000400"
"_!Harnig.gen!A","SIGNATURE_TYPE_PEHSTR","0400030004000001000C25733F633D2564002573257301000F0F85C50000008B35A8101413BF0004020020257325732669643D256426633D25640025750000257325732573000025733F630200306578706C6F7265722E657865000000006B65726E656C33322E646C6C00000000497350726F636573736F7246656174750000"
"_!Harnig.gen!A","SIGNATURE_TYPE_THREAT_END","DB600100"
"_!Matcash.gen!E","SIGNATURE_TYPE_THREAT_BEGIN","498101000000010008000F00AC214D6174636173682E67656E21450000014005833F000200"
"_!Matcash.gen!E","SIGNATURE_TYPE_PEHSTR","0400040005000002002E48415244574152455C4445534352495054494F4E5C53797374656D5C43656E7472616C50726F636573736F725C3001000D6370762E6C62616E6E2E636F6D010018435056362E444C4C00446C6C43616E556E6C6F61644E6F7701002E2D0034003800370045002D0042003300390039002D0033004600310039003100410043003000460045003200330001000B75706C2E6C6200006370760000"
"_!Matcash.gen!E","SIGNATURE_TYPE_THREAT_END","49810100"
"_!Zlob.gen!D","SIGNATURE_TYPE_THREAT_BEGIN","D2AA01000000010004000C0088215A6C6F622E67656E21440000014005833F000200"
"_!Zlob.gen!D","SIGNATURE_TYPE_PEHSTR","0900090003000003002033000000757365720000000068726E25642E636D640000007A7500002225732203002020476F006973742022257322000000002045780049660000656C20222573220D0300206469000072655C5765624D00536F6674776100007765720061566965000000000000"
"_!Zlob.gen!D","SIGNATURE_TYPE_THREAT_END","D2AA0100"
"_!Killav.KB","SIGNATURE_TYPE_THREAT_BEGIN","B6BF01000000010008000B00AC214B696C6C61762E4B4200000140058300000000"
"_!Killav.KB","SIGNATURE_TYPE_PEHSTR","170017000E00000A007FFF750C8F45F88365FC00C745E0180000008365E4008365E8008365EC008365F0008D45F8508D45E0506A018D45DC50E85E00000085C075416A00FF75DCE856000000FF75DCE854000000EB2D8B40048B503C8B7C022803F88B070F20C2FA5281E2FFFFFEFF0F22C266B831C066ABB8C2080000AB5A0F22C2FB5F5EC9C20C00010014620064006D0063006F006E002E0065007800650001001062006400730073002E00650078006500010012630063006C00610077002E006500780065000100146600730061007600330032002E006500780065000100106600730062006C002E00650078006500010012660073006D00330032002E00650078006500010018670063006100730073006500720076002E006500780065000100186D00630073006800690065006C0064002E006500780065000100146D00730073007300720076002E006500780065000100186E006F006400330032006B0072006E002E006500780065000100167A0063006C00690065006E0074002E00650078006500010016730061006E00640062006F0078002E007300790073000100187700610074006300680064006F0067002E007300790073000000"
"_!Killav.KB","SIGNATURE_TYPE_THREAT_END","B6BF0100"
"_!Zlob.AMM","SIGNATURE_TYPE_THREAT_BEGIN","14C001000000010004000A0088215A6C6F622E414D4D0000014005833F000200"
"_!Zlob.AMM","SIGNATURE_TYPE_PEHSTR","0B000A000B00000100494974206D617920626520706F737369626C6520746F20736B6970207468697320636865636B207573696E6720746865202F4E43524320636F6D6D616E64206C696E652073776974636801001264656C202F46202F5120696D65782E62617401000E646F776E6C6F61645F717569657401001450726F78792D417574686F72697A6174696F6E3A01000B557365722D4167656E743A01000E436F6E6E656374696E67202E2E2E01002F4E4F5449434520544F20555345523A205448495320454E442055534552204C4943454E53452041475245454D454E540100285370656369616C204E6F7469636520666F72204E6F6E2D456E676C69736820537065616B6572733A01003F566964656F20436F64656320536F66747761726520697320737569746564207072696D6172696C7920666F722074686520757365206F6620456E676C6973680100062333323737300100174E756C6C736F667420496E7374616C6C2053797374656D0000"
"_!Zlob.AMM","SIGNATURE_TYPE_THREAT_END","14C00100"
"_!Alureon.gen!E","SIGNATURE_TYPE_THREAT_BEGIN","B0C001000000010008000F00AC21416C7572656F6E2E67656E214500000140058370000400"
"_!Alureon.gen!E","SIGNATURE_TYPE_PEHSTR","080107010F000064001A4D4435486173682066756E6374696F6E2065787065637465642164001D4865784465636F6465722066756E6374696F6E206578706563746564210A00076B65792E6C6B790A000A7365747570332E6578650A00105C6E6F74657061642E6578652E6461740A000D5C63616C632E6578652E6461740A0007446563727970740A0052534F46545741524520494E5354414C4C4154494F4E3A20436F6D706F6E656E74732062756E646C656420696E746F2074686520736F667477617265206D6179207265706F727420746F204C6963656E736F720A00062333323737300A000D446372797074446C6C2E646C6C0100174E756C6C736F667420496E7374616C6C2053797374656D0100494974206D617920626520706F737369626C6520746F20736B6970207468697320636865636B207573696E6720746865202F4E43524320636F6D6D616E64206C696E65207377697463680100116D6F6465726E2D6865616465722E626D7001000D73746172746D656E752E646C6C0100086C7A6D612E6578650000"
"_!Alureon.gen!E","SIGNATURE_TYPE_THREAT_END","B0C00100"
"_!Alureon.gen!F","SIGNATURE_TYPE_THREAT_BEGIN","1CC401000000010008000F00AC21416C7572656F6E2E67656E214600000140058370000400"
"_!Alureon.gen!F","SIGNATURE_TYPE_PEHSTR","07000600060000020052534F46545741524520494E5354414C4C4154494F4E3A20436F6D706F6E656E74732062756E646C656420696E746F2074686520736F667477617265206D6179207265706F727420746F204C6963656E736F720100176372632E657865007061636B2E62696E002D6F2B202D7001000D5C736574757020312E6578650001000D5C736574757020322E6578650001000B5C6372632E6578652220650100097061636B2E62696E000000"
"_!Alureon.gen!F","SIGNATURE_TYPE_THREAT_END","1CC40100"
"_!Conhook.G","SIGNATURE_TYPE_THREAT_BEGIN","3BC401000000010008000B00AC21436F6E686F6F6B2E470000014005835D000400"
"_!Conhook.G","SIGNATURE_TYPE_PEHSTR","700070000F00000A000E5C6477496D706572736F6E6174650A000F5C64774173796E6368726F6E6F75730A001553746172747570004E6F74696679537461727475700A001A53687574646F776E000000004E6F7469667953687574646F776E0A003D536F6674776172655C4D6963726F736F66745C57696E646F7773204E545C43757272656E7456657273696F6E5C57696E6C6F676F6E5C4E6F746966795C0A004A534F4654574152455C4D6963726F736F66745C57696E646F77735C43757272656E7456657273696F6E5C4578706C6F7265725C42726F777365722048656C706572204F626A656374735C0A0010536563757269747920546F6F6C6261720A000D50726F6365737333324E6578740A000E50726F63657373333246697273740A0018437265617465546F6F6C68656C703332536E617073686F740A002C536F6674776172655C4D6963726F736F66745C496E7465726E6574204578706C6F7265725C546F6F6C6261720100267B41393542323831362D314437452D343536312D413230322D3638433044453032333533417D0100267B31314136394145342D464245442D343833322D413242462D3435414638323832353538337D01001F687474703A2F2F687465706F2E636F6D2F636568706D6F696E2F3F636D703D010016687474703A2F2F7265747373616D2E636F6D2F686D2F0000"
"_!Conhook.G","SIGNATURE_TYPE_THREAT_END","3BC40100"
"_!Zlob.ZWP","SIGNATURE_TYPE_THREAT_BEGIN","4CC401000000010004000A0088215A6C6F622E5A57500000014005833F000200"
"_!Zlob.ZWP","SIGNATURE_TYPE_PEHSTR","01000100010000010042706172616D3D25730000000025732F6163636573732F676F2E706870000000003231362E3235352E3138372E393100002F6B65792F7365637265746B65792E696E690000"
"_!Zlob.ZWP","SIGNATURE_TYPE_THREAT_END","4CC40100"
"_!Zlob.ZWR","SIGNATURE_TYPE_THREAT_BEGIN","7BC401000000010004000A0088215A6C6F622E5A57520000014005833F000200"
"_!Zlob.ZWR","SIGNATURE_TYPE_PEHSTR","0300030003000001002B25000000DCC0C0C48E9B9BD7C6D1D5C0DBDAC4C6DBDED1D7C0C79AD7DBD99BD0C6C287869AD0D5C0D5000001003E6A008D45C4B968AD41008B15FC124200E8019DFEFF8B45C4E8099EFEFF50A1FC124200E8FE9DFEFF50E878B1FEFF33C08945F88B45FC03C083C0098945FC010046FF35FC1242006878AD41008D4DBCB2B4B884AD4100E8A68AFFFFFF75BC8D45C0BA03000000E8929BFEFF8B45C0E8C2D5FFFF33C08945F88B45FC03C083C0098945FC8345FC7B0000"
"_!Zlob.ZWR","SIGNATURE_TYPE_THREAT_END","7BC40100"
"_!Wantvi.D","SIGNATURE_TYPE_THREAT_BEGIN","EDC501000000010008000A00AC2157616E7476692E4400000140058370000400"
"_!Wantvi.D","SIGNATURE_TYPE_PEHSTR","1A001A000B00000A002A5C00530079007300740065006D0052006F006F0074005C006D00750072006B0061002E006400610074000A002E5C00530079007300740065006D0052006F006F0074005C006D006500640069006300680069002E006500780065000200305C00530079007300740065006D0052006F006F0074005C006D0065006400690063006800690032002E0065007800650002007E5C00520065006700690073007400720079005C004D0061006300680069006E0065005C0053006F006600740077006100720065005C004D006900630072006F0073006F00660074005C00570069006E0064006F00770073005C00430075007200720065006E007400560065007200730069006F006E005C00520075006E000100125A775465726D696E61746550726F6365737301000D5A774F70656E50726F6365737301000B48616C4D616B65426565700100085C6176702E6578650100085C6B61762E65786501000D5C77696E636F6D33322E73797301000F5C6D706669726577616C6C2E7379730000"
"_!Wantvi.D","SIGNATURE_TYPE_THREAT_END","EDC50100"
"_!Zlob.gen!GT","SIGNATURE_TYPE_THREAT_BEGIN","94C601000000010004000D0088215A6C6F622E67656E2147540000014005833F000200"
"_!Zlob.gen!GT","SIGNATURE_TYPE_PEHSTR","090009000900000100A656575355E8000000005D81ED492B4000E803020000E8B7060000B80000000085C07521FF855B2B4000E863010000608DB5402B4000B9F209000089C7F3A46183C004FFE0608BBD3C30400003BD143040008DB5E23240008B8DFC2F4000680010000057E860010000F3A48D85D23240008B9D14304000FFB518304000FFB50C3040006A015053E87D040000FFB540304000FFB514304000E8790000008B850030400085C0741C01000C55524C446F776E6C6F616441010012436F6D706172655365637572697479496473010013446C6C556E726567697374657253657276657201001746696E64466972737455726C4361636865456E7472795701001346747052656D6F76654469726563746F72794101001746747053657443757272656E744469726563746F727941010013466F7263654E657875734C6F6F6B757045785701009E000000006361600C6462612B6C6A694C747271647472716E7270706F6B6969695C5B5A58545251435553522A5A5858130000000000000000000000000000000000000000000000000000000000000000000000000000000000000000000000000000000000000000000000000000000000000000000000000000000069676618817F7E62A3A1A0ACBCBAB9D6C7C6C4EECCCAC9FACAC8C7FBCCCBCAFBCECC0000"
"_!Zlob.gen!GT","SIGNATURE_TYPE_THREAT_END","94C60100"
"_!Zlob.gen!GS","SIGNATURE_TYPE_THREAT_BEGIN","99C601000000010004000D0088215A6C6F622E67656E2147530000014005833F000200"
"_!Zlob.gen!GS","SIGNATURE_TYPE_PEHSTR","0B000B000B000001004D5589E583EC14C745EC00000000C745F056697274C745F475616C50C745F8726F746566C745FC6374C645FE00608D45EC50682F01FFFF81042411FF0000FF750CFF75088D45F0E85805000061C901001A526567697374657242696E6453746174757343616C6C6261636B01000C55524C446F776E6C6F616441010012436F6D706172655365637572697479496473010013446C6C556E726567697374657253657276657201001746696E64466972737455726C4361636865456E74727957010013466F7263654E657875734C6F6F6B757045785701001346747052656D6F76654469726563746F727941010014436F6D6D697455726C4361636865456E7472795701001746747053657443757272656E744469726563746F72794101001547657455726C4361636865456E747279496E666F570000"
"_!Zlob.gen!GS","SIGNATURE_TYPE_THREAT_END","99C60100"
"_!Zlob.gen!GU","SIGNATURE_TYPE_THREAT_BEGIN","9AC601000000010004000D0088215A6C6F622E67656E2147550000014005833F000200"
"_!Zlob.gen!GU","SIGNATURE_TYPE_PEHSTR","0C000C000C0000010034E8000000005D81ED492B4000E803020000E8C6060000B80000000085C07521FF855B2B4000E863010000608D502DD00A71E3EB0301001A526567697374657242696E6453746174757343616C6C6261636B01000C55524C446F776E6C6F616441010012436F6D706172655365637572697479496473010013446C6C556E726567697374657253657276657201001746696E64466972737455726C4361636865456E74727957010013466F7263654E657875734C6F6F6B757045785701001346747052656D6F76654469726563746F727941010014436F6D6D697455726C4361636865456E7472795701001746747053657443757272656E744469726563746F72794101001547657455726C4361636865456E747279496E666F5701007E2800000020000000400000000100200000000000000000000000000000000000000000000000000000000000000000000000000000000000000000000000000000000000000000000000000000000000000000006361600C6462612B6C6A694C747271647472716E7270706F6B6969695C5B5A58545251435553522A5A580000"
"_!Zlob.gen!GU","SIGNATURE_TYPE_THREAT_END","9AC60100"
"_!Yektel.H","SIGNATURE_TYPE_THREAT_BEGIN","B5C801000000010004000A00882159656B74656C2E480000014005835C000400"
"_!Yektel.H","SIGNATURE_TYPE_PEHSTR","170017000600000A001B534F4654574152455C426F726C616E645C44656C7068695C52544C0A00097773636D702E646C6C0100265C57696E646F7773204E545C43757272656E7456657273696F6E5C57696E646F77735C72756E01002E5C57696E646F77735C43757272656E7456657273696F6E5C436F6E74726F6C7320466F6C6465725C504944776D7001000B426F7420636F756E74203D010013446F776E6C6F6164696E6720746F6F6C6261720000"
"_!Yektel.H","SIGNATURE_TYPE_THREAT_END","B5C80100"
"_!Matcash.KU","SIGNATURE_TYPE_THREAT_BEGIN","50CB01000000010008000C00AC214D6174636173682E4B550000014005833F000200"
"_!Matcash.KU","SIGNATURE_TYPE_PEHSTR","290029000A00000A00636D63626F6F2E636F6D2F61636B2E7068703F7569643D30303030303030302D303030302D313033332D2D7373303030302676657273696F6E3D313626616374696F6E6E616D653D5F726567636865636B26616374696F6E3D436865636B42756E646C650A001255524C446F776E6C6F6164546F46696C65410A00104372656174654469726563746F7279410A001447657457696E646F77734469726563746F72794101000F6B65726E496E7374616C6C2E65786501000C6B65726E496E73742E65786501000E77696E696E7374616C6C2E65786501000E496E7374616C6C6575722E65786501000D696E7374616C6C5F776F726473010008496E6574476574320000"
"_!Matcash.KU","SIGNATURE_TYPE_THREAT_END","50CB0100"
"_!Zlob.KG","SIGNATURE_TYPE_THREAT_BEGIN","B7CB0100000001000400090088215A6C6F622E4B470000014005833F000200"
"_!Zlob.KG","SIGNATURE_TYPE_PEHSTR","07000700070000010048430032004100310043003500430042002D0043003000450046002D0034003600380039002D0039003400330036002D00460036003200430043004100310043003500330038003300010008737366742E646C6C01001C64006E00730064007500650070006100670065002E0063006F006D0001001473006E002E0063006F006D002F00720065007300010046700075007200650073006100660065007400790068006500720065002E0063006F006D002F007300650061007200630068002E007000680070003F00710071003D002500730001000E5669727475616C50726F74656374010011446C6C52656769737465725365727665720000"
"_!Zlob.KG","SIGNATURE_TYPE_THREAT_END","B7CB0100"
"_!Zlob.ANA","SIGNATURE_TYPE_THREAT_BEGIN","76CD01000000010004000A0088215A6C6F622E414E410000014005833F000200"
"_!Zlob.ANA","SIGNATURE_TYPE_PEHSTR","2A002A000600000A0007616C6C657274320A002054686520636F6D707574657220686173206265656E20696E66656374656421210A00126D7966697273746761797365782E636F6D2F0A00324D6F7A696C6C612F342E302028636F6D70617469626C653B204D53494520362E303B2057696E646F7773204E5420352E312901000F5368656C6C45786563757465457841010013496E7465726E6574436C6F736548616E646C650000"
"_!Zlob.ANA","SIGNATURE_TYPE_THREAT_END","76CD0100"
"_!Cinmus.E","SIGNATURE_TYPE_THREAT_BEGIN","37D901000000010008000A00AC2143696E6D75732E450000014004833F000400"
"_!Cinmus.E","SIGNATURE_TYPE_PEHSTR","0900090007000004001C000000446F535353657475702E444C4C00446F53535365747570000001000C4669727374496E7374616C6C010006766572696F6E010013646464642C204D4D4D4D2064642C20797979790100124765744C617374416374697665506F7075700100163C70726F6772616D206E616D6520756E6B6E6F776E3E01000C4372656174654D75746578410000"
"_!Cinmus.E","SIGNATURE_TYPE_THREAT_END","37D90100"
"_!Vundo.CQ!dll","SIGNATURE_TYPE_THREAT_BEGIN","94D901000000010008000E00AC2156756E646F2E435121646C6C00000140058308000400"
"_!Vundo.CQ!dll","SIGNATURE_TYPE_PEHSTR","D200D20012000064002431364234333546362D423643452D344632342D413536382D39343442323745443931394364001374617267657474656462616E6E65722E62697A01000C26007400610069006C003D0001001026006500780063006500650064003D00010008260074006D003D000100082600690064003D000100122600760065007200730069006F006E003D00010012260063006C00690063006B00650064003D0001000E730068006F007700650064003D0001001C4900730052006F007400610074006F00720050006F0070007500700001001463006C00690063006B006C0069006D006900740001001872006500660072006500730068005F00740069006D00650001002067006C006F0062005F0063006C00690063006B005F006C0069006D00690074000100166D00610078005F0069006D007000720065007300730001001050006F007000750070004D006700720001003049006E007400650072006E006500740020004500780070006C006F007200650072005F0053006500720076006500720001005E43006F006E00740065006E0074002D0054007900700065003A0020006100700070006C00690063006100740069006F006E002F0078002D007700770077002D0066006F0072006D002D00750072006C0065006E0063006F0064006500640001000A6F0070006500720061000000"
"_!Vundo.CQ!dll","SIGNATURE_TYPE_THREAT_END","94D90100"
"_!Hamweq.CM","SIGNATURE_TYPE_THREAT_BEGIN","DFD901000000010005000B00A42148616D7765712E434D00000140058364000400"
"_!Hamweq.CM","SIGNATURE_TYPE_PEHSTR","0600060006000001002430384230453543302D344643422D313143462D414158352D39303430314336303835313201000B746173737765712E636F6D0100076973652E657865010018437265617465546F6F6C68656C703332536E617073686F7401000D676574686F737462796E616D65010010496E7465726E65744F70656E55726C410000"
"_!Hamweq.CM","SIGNATURE_TYPE_THREAT_END","DFD90100"
"_!Coulomb.A","SIGNATURE_TYPE_THREAT_BEGIN","1FDB0100000001000B000B00F421436F756C6F6D622E4100000140058224000400"
"_!Coulomb.A","SIGNATURE_TYPE_PEHSTR","0C000C00080000050044642E657865000000536F6674776172655C436F756C6F6D625C46506172616D006F70656E0000000041584C6F61646572000000005C000000787C636F6D6C6F61647C257305006B276C6F616465723220436C617373270D0A09097B0D0A09090950726F674944203D20732027436F6D6C6F61642E6C6F61646572322E31270D0A09090956657273696F6E496E646570656E64656E7450726F674944203D20732027436F6D6C6F61642E6C6F616465723227270300ED43006F006D00700061006E0079004E0061006D0065000000000043006F0075006C006F006D00620020004C00740064000000540016000100460069006C0065004400650073006300720069007000740069006F006E000000000043006F006E00740065006E0074002000410063006300650073007300200050006C007500670069006E00000038000C000100460069006C006500560065007200730069006F006E000000000031002C00200030002C00200030002C00200031003000000030000800010049006E007400650072006E0061006C004E0061006D006500000043004F004D004C004F00410044000002000C2E697062696C6C2E636F6D2F02000F687474703A2F2F3231372E37332E3601002432363646393438412D334445452D343237302D384635352D45373941434344353639464101002441443746414642302D313644362D343043332D414632372D35383544364536343533464401002439453130383942432D314145382D343638352D384437372D3637323145354333313841380000"
"_!Coulomb.A","SIGNATURE_TYPE_THREAT_END","1FDB0100"
"_!Conhook.I","SIGNATURE_TYPE_THREAT_BEGIN","AFDB01000000010008000B00AC21436F6E686F6F6B2E490000014005835D000400"
"_!Conhook.I","SIGNATURE_TYPE_PEHSTR","0300030003000001000A6809000000680EF2F84F01000A680D00000068C22B125701000A680100000068A67EC6410000"
"_!Conhook.I","SIGNATURE_TYPE_THREAT_END","AFDB0100"
"_!CyberBill.A","SIGNATURE_TYPE_THREAT_BEGIN","D7DB0100000001000B000D00F421437962657242696C6C2E4100000140058224000400"
"_!CyberBill.A","SIGNATURE_TYPE_PEHSTR","0A000A000D0000030041687474703A2F2F7777772E686F746475746368706F726E2E6E65742F63622F736372697074732F6765744164647265737346726F6D49502E7068703F776D69643D03000F437962657262696C6C4469616C657203001655524C3A437962657262696C6C2050726F746F636F6C03000C7E7E7E7E7E7E7E7E2E68746D02000B437962657262696C6C4E470200086469616C746F6E6502001225636F756E7472792C4572726F7255726C2C010016687474703A2F2F6469616C696E2E62756E6D2E64652F010015687474703A2F2F7777772E692D636173682E64652F010015687474703A2F2F7777772E6E657466652E6F72672F01001C687474703A2F2F6469616C696E2E636F6D6F6E6C696E652E6E65742F010018687474703A2F2F6469616C696E2E646E6962762E636F6D2F0100126D6F7A696C6C6177696E646F77636C6173730000"
"_!CyberBill.A","SIGNATURE_TYPE_THREAT_END","D7DB0100"
"_!Cinmus.F","SIGNATURE_TYPE_THREAT_BEGIN","BBDC01000000010008000A00AC2143696E6D75732E460000014004833F000400"
"_!Cinmus.F","SIGNATURE_TYPE_PEHSTR","090009000700000400220100446F535353657475702E444C4C0044657350726F00446F53535365747570000001000C4669727374496E7374616C6C010006766572696F6E010013646464642C204D4D4D4D2064642C20797979790100124765744C617374416374697665506F7075700100163C70726F6772616D206E616D6520756E6B6E6F776E3E01000C4372656174654D75746578410000"
"_!Cinmus.F","SIGNATURE_TYPE_THREAT_END","BBDC0100"
"MonitoringTool:Win32/Demonkey","SIGNATURE_TYPE_THREAT_BEGIN","51DF0100000001000C001D004D6F6E69746F72696E67546F6F6C3A57696E33322F44656D6F6E6B657900000140058232000400"
"MonitoringTool:Win32/Demonkey","SIGNATURE_TYPE_PEHSTR","0C000C000600000500E0530059005300540045004D005C0043006F006E00740072006F006C005300650074003000300031005C00530065007200760069006300650073005C005300680061007200650064004100630063006500730073005C0050006100720061006D00650074006500720073005C004600690072006500770061006C006C0050006F006C006900630079005C005300740061006E006400610072006400500072006F00660069006C0065005C0041007500740068006F00720069007A00650064004100700070006C00690063006100740069006F006E0073005C004C006900730074000300205C0064007200690076006500720073005C00660072002E00620061007400000002001642792044656D6F6E204B65796C6F6767657220312E300100385C006600740070002E006500780065003A002A003A0045006E00610062006C00650064003A004D006900630072006F0073006F006600740001004E63006D00640020002F0063002000640065006C0020002500730079007300740065006D0072006F006F00740025005C00730079007300740065006D00330032005C00640064002E0074007800740001002E7400610073006B006B0069006C006C0020002F00660020002F0069006D0020006F0073006B002E006500780065000000"
"MonitoringTool:Win32/Demonkey","SIGNATURE_TYPE_THREAT_END","51DF0100"
"_!Cinmus.H","SIGNATURE_TYPE_THREAT_BEGIN","96DF01000000010008000A00AC2143696E6D75732E480000014004833F000400"
"_!Cinmus.H","SIGNATURE_TYPE_PEHSTR","080008000500000500205C4472697665725C6F626A6672655C693338365C616370696469736B2E70646202002257696E646F777320447269766572204D616E616765722052756E6E696E672025732101001E57696E646F77732053797374656D2044726976657220537461727465642101001347657453797374656D4469726563746F72795701001A50734C6F6F6B757050726F63657373427950726F6365737349640000"
"_!Cinmus.H","SIGNATURE_TYPE_THREAT_END","96DF0100"
"_!Killav.EF","SIGNATURE_TYPE_THREAT_BEGIN","30E301000000010008000B00AC214B696C6C61762E454600000140058300000000"
"_!Killav.EF","SIGNATURE_TYPE_PEHSTR","050005000500000100A05F00410056005000430043002E004500580045002C005F004100560050004D002C005F004100560050004D002E004500580045002C00410063006B00570069006E00330032002C00410063006B00570069006E00330032002C00410043004B00570049004E00330032002C00410063006B00570069006E00330032002E006500780065002C00410063006B00570069006E00330032002E006500780065002C0001001B41564B696C6C5F42795F5448696147303445766552006373727373010010004D697374614B696C6C65723535300001000C4D535642564D36302E444C4C01000B4F70656E50726F636573730000"
"_!Killav.EF","SIGNATURE_TYPE_THREAT_END","30E30100"
"_!Zlob.IB","SIGNATURE_TYPE_THREAT_BEGIN","85E30100000001000400090088215A6C6F622E49420000014005833F000200"
"_!Zlob.IB","SIGNATURE_TYPE_PEHSTR","08000800080000010013536F6674776172655C4E657450726F6A65637401001773746572656F2F6D757369632E7068703F706172616D3D010010696E7465726E65747365637572697479010007676F6F676C652E0100267B36424635324135322D333934412D313144332D423135332D3030433034463739464141367D010031536F6674776172655C4D6963726F736F66745C496E7465726E6574204578706C6F7265725C53656172636853636F70657301000D25735C7A66257325642E65786501000A2E63686C5C434C5349440000"
"_!Zlob.IB","SIGNATURE_TYPE_THREAT_END","85E30100"
"_!Vundo.AY","SIGNATURE_TYPE_THREAT_BEGIN","FEE301000000010008000A00AC2156756E646F2E415900000140058308000400"
"_!Vundo.AY","SIGNATURE_TYPE_PEHSTR","010001000100000100E62E444C4C00446C6C43616E556E6C6F61644E6F7700446C6C476574436C6173734F626A65637400496E69745365637572697479496E7465726661636557004C7361417043616C6C5061636B616765004C7361417043616C6C5061636B616765506173737468726F756768004C7361417043616C6C5061636B616765556E74727573746564004C73614170496E697469616C697A655061636B616765004C736141704C6F676F6E5465726D696E61746564004C736141704C6F676F6E55736572004C736141704C6F676F6E557365724578005370496E697469616C697A6500630066006F0073000000"
"_!Vundo.AY","SIGNATURE_TYPE_THREAT_END","FEE30100"
"_!Zlob.IF","SIGNATURE_TYPE_THREAT_BEGIN","0DE50100000001000400090088215A6C6F622E49460000014005833F000200"
"_!Zlob.IF","SIGNATURE_TYPE_PEHSTR","1A001A00080000010013536F6674776172655C4E657450726F6A656374010007676F6F676C652E010028332D3030433034463739464141367D0034412D313144332D423135007B36424635324135322D3339010031536F6674776172655C4D6963726F736F66745C496E7465726E6574204578706C6F7265725C53656172636853636F70657301000A6177657225642E6261740A00383A5265706561740D0A64656C20222573220D0A6966206578697374202225732220676F746F205265706561740D0A726D64697220222573220A000D25735C7A66257325642E65786501000A2E63686C5C434C5349440000"
"_!Zlob.IF","SIGNATURE_TYPE_THREAT_END","0DE50100"
"_!Cinmus.R","SIGNATURE_TYPE_THREAT_BEGIN","95E501000000010008000A00AC2143696E6D75732E520000014004833F000400"
"_!Cinmus.R","SIGNATURE_TYPE_PEHSTR","090009000600000400246C6F616465725C4472697665725C6F626A6672655C693338365C617063646C692E70646202000C61007000630064006C00690002002E6578706C6F7265722E6578650000000057696E646F77732053797374656D204472697665722053746172746564210100165A775175657279496E666F726D6174696F6E46696C650100164B65556E737461636B44657461636850726F6365737301001652746C5175657279526567697374727956616C7565730000"
"_!Cinmus.R","SIGNATURE_TYPE_THREAT_END","95E50100"
"_!Vundo.BX","SIGNATURE_TYPE_THREAT_BEGIN","14E601000000010008000A00AC2156756E646F2E425800000140058308000400"
"_!Vundo.BX","SIGNATURE_TYPE_PEHSTR","9B019B010B000064000664656C202531640010696620657869737420253120676F746F64001172756E646C6C33322E6578652025732C61640017433A5C54454D505C72656D6F76616C66696C652E6261740A0012687474703A2F2F36352E3234332E3130332E0A0010687474703A2F2F36392E33312E38302E0A0011687474703A2F2F38322E39382E3233352E0100267B38464438334230422D393837462D346633662D384642342D3031353239363837433742367D0100267B38373333353842432D323632422D343639352D414242372D4330303734433134394541307D01004443006500720074006900660069006300610074006500200069006E007300740061006C006C006100740069006F006E00200063006F006D0070006C00650074006500640001006E59006F0075007200200065002D006D00610069006C0020006100630063006F0075006E00740020006900730020006E006F0020006C006F006E0067006500720020007300750062006A00650063007400200074006F0020007400650072006D0069006E006100740069006F006E000000"
"_!Vundo.BX","SIGNATURE_TYPE_THREAT_END","14E60100"
"_!Killav.D","SIGNATURE_TYPE_THREAT_BEGIN","C2E701000000010008000A00AC214B696C6C61762E4400000140058300000000"
"_!Killav.D","SIGNATURE_TYPE_PEHSTR","30002A000C00000A00B443003A005C004100720071007500690076006F0073002000640065002000700072006F006700720061006D00610073005C004D006900630072006F0073006F00660074002000560069007300750061006C002000530074007500640069006F005C0056004200390038005C00500072006F006A00650074006F0073002E00660072006D005C0046006C0061006D00650020004B0069006C006C005C00500072006F006A0065006300740031002E007600620070000A0022530079007300740065006D00330032005C006D0069006E0064002E0062006100740001001D2566696E616C697A6125202F66202F696D207461757363616E2E657865010007256C696D7061250100202566696E616C697A6125202F66202F696D207472656E646D6963726F2E65786501001C2566696E616C697A6125202F66202F696D207570646174652E65786501001B2566696E616C697A6125202F66202F696D2076697275732E65786501001B2566696E616C697A6125202F66202F696D2076627573742E65786501001C2566696E616C697A6125202F66202F696D2076736D61696E2E65786501001F2566696E616C697A6125202F66202F696D207A6F6E65616C61726D2E6578650A006325726567697374726F252022484B4C4D5C736F6674776172655C6D6963726F736F66745C73656375726974792063656E74657222202F7620416E7469566972757344697361626C654E6F74696679202F74205245475F44574F5244202F642034202F660A006225726567697374726F252022484B4C4D5C736F6674776172655C6D6963726F736F66745C73656375726974792063656E74657222202F76204669726577616C6C44697361626C654E6F74696679202F74205245475F44574F5244202F642034202F660000"
"_!Killav.D","SIGNATURE_TYPE_THREAT_END","C2E70100"
"_!Vundo.gen!O","SIGNATURE_TYPE_THREAT_BEGIN","A6E801000000010008000D00AC2156756E646F2E67656E214F00000140058308000400"
"_!Vundo.gen!O","SIGNATURE_TYPE_PEHSTR","0700070007000001002A5C57696E646F7773204E545C43757272656E7456657273696F6E5C57696E6C6F676F6E5C4E6F7469667901002F43757272656E7456657273696F6E5C4578706C6F7265725C42726F777365722048656C706572204F626A656374735C010035536F6674776172655C4D6963726F736F66745C496E7465726E6574204163636F756E74204D616E616765725C4163636F756E74735C01001B3C72656469726563743E3C006B006500790077006F00720064007301000F576F726B65724100576F726B65725701000D675F506F707570506572446179010012675F436F6E6E656374696F6E5065724461790000"
"_!Vundo.gen!O","SIGNATURE_TYPE_THREAT_END","A6E80100"
"_!Killav.F","SIGNATURE_TYPE_THREAT_BEGIN","2FE901000000010008000A00AC214B696C6C61762E4600000140058300000000"
"_!Killav.F","SIGNATURE_TYPE_PEHSTR","3F003F000E00000A001B534F4654574152455C426F726C616E645C44656C7068695C52544C0A001D72726F7269737461206D6F72746F206F6F6F6F6F6F20555348417575680A000B7377666C6173682E696E660A000946726D467277616C6C0A001153657457696E646F7773486F6F6B4578410A001746505F41585F4341425F494E5354414C4C45522E65786501000561766173740100056E6F6433320100066D63616665650100077370797761726501000561766972610100096B6173706572736B7901000570616E646101000873796D616E7465630000"
"_!Killav.F","SIGNATURE_TYPE_THREAT_END","2FE90100"
"_!Zlob.ANI","SIGNATURE_TYPE_THREAT_BEGIN","40EA01000000010004000A0088215A6C6F622E414E490000014005833F000200"
"_!Zlob.ANI","SIGNATURE_TYPE_PEHSTR","0300030003000001004C7B00450032003000390030003600370033002D0032003500360042002D0034003600330032002D0039003400450045002D004600450043003700460035003500310035003400330043007D0001002E2500730073003A002F002F00250073005C007300680064006F002500730025007300720072002500730025007300010082260073007200630068003D00000000003F004D0054003D000000000065002E006100730070003F004D0054003D00000070006F006E0073000000000073006E002E0063006F006D002F007200650073000000000061007200630068002E006D00000000006100750074006F002E0073006500000068007400740070003A002F002F000000"
"_!Zlob.ANI","SIGNATURE_TYPE_THREAT_END","40EA0100"
"_!Zlob.YV","SIGNATURE_TYPE_THREAT_BEGIN","18EB0100000001000400090088215A6C6F622E59560000014005833F000200"
"_!Zlob.YV","SIGNATURE_TYPE_PEHSTR","170017000500000A002444343642454141342D413330342D343042332D413944412D4543374637463530314632350A001C65002E006100730070003F004D0054003D00000070006F006E00730002002C7200650073003A002F002F00250073005C007300250073002500730025007300300034002E00680074006D0002002E2500730073003A002F002F00250073005C007300680064006F00250073002500730072007200250073002500730001000E5669727475616C50726F746563740000"
"_!Zlob.YV","SIGNATURE_TYPE_THREAT_END","18EB0100"
"BrowserModifier:Win32/Internetsearch","SIGNATURE_TYPE_THREAT_BEGIN","49EB0100000001000D00240042726F777365724D6F6469666965723A57696E33322F496E7465726E657473656172636800000140048211000400"
"BrowserModifier:Win32/Internetsearch","SIGNATURE_TYPE_PEHSTR","170017000600000A0019696E7465726E6574736561726368736572766963652E636F6D0A001D636D642E657865202F432064656C202F46202F51202225735C2A2E2A2201001225735C25732E65786500000075627072303101001672656765646974202F7320633A5C746D70322E72656701001064656C202225732200003A545832303201001073656172636800006965362E68746D6C0000"
"BrowserModifier:Win32/Internetsearch","SIGNATURE_TYPE_THREAT_END","49EB0100"
"_!Zlob.ACA","SIGNATURE_TYPE_THREAT_BEGIN","3DEC01000000010004000A0088215A6C6F622E4143410000014005833F000200"
"_!Zlob.ACA","SIGNATURE_TYPE_PEHSTR","290029000600000A000C410054004C003A00250070000A0018496E7465726C6F636B6564506F70456E747279534C6973740A0010436F437265617465496E7374616E63650A000F537472696E6746726F6D475549443201001C716E6473666D616F2E444C4C00446C6C43616E556E6C6F61644E6F7701001C737176676E7270782E444C4C00446C6C43616E556E6C6F61644E6F770000"
"_!Zlob.ACA","SIGNATURE_TYPE_THREAT_END","3DEC0100"
"_!Scom","SIGNATURE_TYPE_THREAT_BEGIN","6BED0100000001000B000600F42153636F6D00000140058224000400"
"_!Scom","SIGNATURE_TYPE_PEHSTR","210021000800000A000D536F6674776172655C53436F6D0A001270686F6E65476574486F6F6B5377697463680A00126C696E65556E636F6D706C65746543616C6C0100142F646F6E746469616C202F6E6F636F6E6E65637401002C77696E646F77735C25732E657865202F646F6E746469616C202F64656C61796C6F6164202F696E7374616C6C0100202F64706E32200000000000005544504E5F4E4F55490000002F6469616C6E64730100212F636E746E6F7720000000002F68616E677570200000000056454E444F5249443A010013646973706C61796469616C75702E6A68746D6C0000"
"_!Scom","SIGNATURE_TYPE_THREAT_END","6BED0100"
"_!Dreammon.gen!B","SIGNATURE_TYPE_THREAT_BEGIN","75EE01000000010008001000AC21447265616D6D6F6E2E67656E21420000014004833F000400"
"_!Dreammon.gen!B","SIGNATURE_TYPE_PEHSTR","0C000A0006000003001E480044005F004D006F006E00690074006F0072005F0048006100720064000300C068007400740070003A002F002F00250073002F00250073003F0063006F006F006B00690065003D0025003000340064002D0025003000320064002D002500300032006400200025003000320064003A0025003000320064003A0025003000320064002600670072006F00750070003D0025007300260068006F00730074003D002500730026006F0073007600650072003D0025007300260065006E0076007600650072003D00250073002600660075006E007600650072003D0025007300000003004A7461726765743D275F73656C66272069643D27666F72647265616D636C69636B273E3C62723E3C7363726970742064656665723E666F72647265616D636C69636B2E636C69636B28293B010016696E692E6F6666696365737570646174652E6E65740001001B696E692E6D736E6D657373656E6765727570646174652E6E65740001001A696E692E6F666669636532303035757064617465732E6E6574000000"
"_!Dreammon.gen!B","SIGNATURE_TYPE_THREAT_END","75EE0100"
"_!Look2Me.D","SIGNATURE_TYPE_THREAT_BEGIN","90EF01000000010002000B00F0214C6F6F6B324D652E440000014004823F000400"
"_!Look2Me.D","SIGNATURE_TYPE_PEHSTR","0600060006000001000C496E7374616C6C65723C623E010016687474703A2F2F7777772E6C6F6F6B326D652E636F6D01002B3C2F666F726D3E3C2F6469763E3C736372697074206C616E67756167653D276A617661736372697074273E010010536F6674776172655C4C6F6F6B324D650100094F6E546F6F6C42617201002A6D6574686F643D504F53543E3C696E70757420747970653D2768696464656E27206E616D653D276964270000"
"_!Look2Me.D","SIGNATURE_TYPE_THREAT_END","90EF0100"
"_!Zlob.AFM","SIGNATURE_TYPE_THREAT_BEGIN","9AEF01000000010004000A0088215A6C6F622E41464D0000014005833F000200"
"_!Zlob.AFM","SIGNATURE_TYPE_PEHSTR","0500050005000001004B534F4654574152455C4D6963726F736F66745C57696E646F77735C43757272656E7456657273696F6E5C4578706C6F7265725C42726F777365722048656C706572204F626A656374735C7B01003925732F696E73742F696E6465782E7068703F61666669643D25732673756269643D257326677569643D2573267665723D2573266B65793D2573010016534F4654574152455C434D566964656F506C7567696E01001A7600690072007500730061006C00650072007400750072006C0001000B434D566964656F2E444C4C0000"
"_!Zlob.AFM","SIGNATURE_TYPE_THREAT_END","9AEF0100"
"_!Matcash.gen!J","SIGNATURE_TYPE_THREAT_BEGIN","10F201000000010008000F00AC214D6174636173682E67656E214A0000014005833F000200"
"_!Matcash.gen!J","SIGNATURE_TYPE_PEHSTR","0D000B000400000A008FC6459833C7459C03000000C645A034C745A404000000C645A835C745AC05000000C645B036C745B406000000C645B837C745BC07000000C645C038C745C408000000C645C839C745CC09000000C645D041C745D40A000000C645D842C745DC0B000000C645E043C745E40C000000C645E844C745EC0D000000C645F045C745F40E000000C645F846C745FC0F00000001002630424137353542363830444437373536343143373637313532373831343042443936444637370100203042413735354236383044443737353635304345363930323034413034444236010016333541303446424139434436363630433636433736340000"
"_!Matcash.gen!J","SIGNATURE_TYPE_THREAT_END","10F20100"
"_!Killav.gen!C","SIGNATURE_TYPE_THREAT_BEGIN","6DF201000000010008000E00AC214B696C6C61762E67656E214300000140058300000000"
"_!Killav.gen!C","SIGNATURE_TYPE_PEHSTR","04000400040000010030FFFFFFFF0900000064697361626C654657000000FFFFFFFF060000006B696C6C41760000FFFFFFFF06000000647746690100207472756500000000FFFFFFFF0700000066776B2E62617400558BEC33C055688D0100100C0000004E415641505733322E4558450100100C0000004943535550504E542E4558450000"
"_!Killav.gen!C","SIGNATURE_TYPE_THREAT_END","6DF20100"
"MonitoringTool:Win32/SpyAgent.B","SIGNATURE_TYPE_THREAT_BEGIN","CCF20100000001000C001F004D6F6E69746F72696E67546F6F6C3A57696E33322F5370794167656E742E4200000140058232000400"
"MonitoringTool:Win32/SpyAgent.B","SIGNATURE_TYPE_PEHSTR","05000500050000010010534F4654574152455C537079746563680100074E656F576F727801000E4B65797374726F6B65436F756E7401001625735C736163616368655C736B65797325642E6C6F6701000F5F4A6F75726E616C50726F634031320000"
"MonitoringTool:Win32/SpyAgent.B","SIGNATURE_TYPE_THREAT_END","CCF20100"
"MonitoringTool:Win32/SpyAgent.D","SIGNATURE_TYPE_THREAT_BEGIN","D2F20100000001000C001F004D6F6E69746F72696E67546F6F6C3A57696E33322F5370794167656E742E4400000140058232000400"
"MonitoringTool:Win32/SpyAgent.D","SIGNATURE_TYPE_PEHSTR","0400040004000001001A53707974656368205370794167656E74204B65797374726F6B650100132573736163616368655C736B6579732E6C6F6701000C2D2D23424F554E4441525923010026436F6E74656E742D547970653A20746578742F68746D6C3B206E616D653D6C6F67732E7478740000"
"MonitoringTool:Win32/SpyAgent.D","SIGNATURE_TYPE_THREAT_END","D2F20100"
"_!Vundo.IO","SIGNATURE_TYPE_THREAT_BEGIN","05F301000000010008000A00AC2156756E646F2E494F00000140058308000400"
"_!Vundo.IO","SIGNATURE_TYPE_PEHSTR","0D000D000D0000010010476C6F62616C5C4D696C615F7465726D01001252746C41646A75737450726976696C6567650100094F6E53746172747570010020687474703A2F2F255325533F6169643D2553267665723D2553267569643D2553010005616666696401000C5065656B4D65737361676541010014790061006E00640073006500610072006300680001005453006F006600740077006100720065005C004D006900630072006F0073006F00660074005C0049006E007400650072006E006500740020004500780070006C006F007200650072005C004D00610069006E005C000100142F006C002F006F006C0064002E007000680070000100162F006C002F0069006E00730074002E0070006800700001009453004F004600540057004100520045005C004D006900630072006F0073006F00660074005C00570069006E0064006F00770073005C00430075007200720065006E007400560065007200730069006F006E005C004500780070006C006F007200650072005C00420072006F0077007300650072002000480065006C0070006500720020004F0062006A0065006300740073005C0001004C7B00430039004300350032003500310030002D0039004200340031002D0034003200630031002D0039004400430044002D003700320038003200410032004400300037003800360032007D0001001A6D0030005F0067006C006B005F003100310030003900300038000000"
"_!Vundo.IO","SIGNATURE_TYPE_THREAT_END","05F30100"
"_!Wintrim.D","SIGNATURE_TYPE_THREAT_BEGIN","05F501000000010008000B00AC2157696E7472696D2E4400000140058370000400"
"_!Wintrim.D","SIGNATURE_TYPE_PEHSTR","0F000F000800000A00134D437632444C4C2E646C6C0053746172744D4301000C6D796D757473676C776F726B010020434547436F6D7075746572496E666F3A3A476574436F6D707574657249442829010020434547436F6D7075746572496E666F3A3A47657457696E56657273696F6E28290100094D435F55504441544501000B536F6674776172655C6D630100104E617654696D65206973206F7665722E01001852656D6F7465446F776E6C6F616446696C65206572726F720000"
"_!Wintrim.D","SIGNATURE_TYPE_THREAT_END","05F50100"
"BrowserModifier:Win32/Mispin","SIGNATURE_TYPE_THREAT_BEGIN","6C010200000001000D001C0042726F777365724D6F6469666965723A57696E33322F4D697370696E00000140048211000400"
"BrowserModifier:Win32/Mispin","SIGNATURE_TYPE_PEHSTR","0600060006000002001125735C4D696E6950535C4D696E6950534402000C6D696E6970732E636F2E6B7201000E6D6E6D3D636C69636B73746F727901000A696C696B65636C69636B010017687474703A2F2F6E6176657200000000266D5F75726C3D01000F56616C756546726F6D436C69636B3D0000"
"BrowserModifier:Win32/Mispin","SIGNATURE_TYPE_THREAT_END","6C010200"
"BrowserModifier:Win32/CNNIC.DLL","SIGNATURE_TYPE_THREAT_BEGIN","18050200000001000D001F0042726F777365724D6F6469666965723A57696E33322F434E4E49432E444C4C00000140048211000400"
"BrowserModifier:Win32/CNNIC.DLL","SIGNATURE_TYPE_PEHSTR","0E000E000B00000A0021536F6674776172655C434E4E49435C43646E436C69656E745C436F6E736F6C650001000A63646E6E732E646C6C0001000C5C63646E636D642E646C6C0001000C69646E636F6E762E646C6C0001000763646E7472616E01000E43444E434C49454E545C4D41494C01000C63646E74646E732E646C6C0001000B696D61646F6D2E6461740001000B574D486C70722E444C4C0001000D63646E756E696E732E6578650001000A696D616F652E646C6C000000"
"BrowserModifier:Win32/CNNIC.DLL","SIGNATURE_TYPE_THREAT_END","18050200"
"_!Killav.CZ","SIGNATURE_TYPE_THREAT_BEGIN","3F0502000000010008000B00AC214B696C6C61762E435A00000140058300000000"
"_!Killav.CZ","SIGNATURE_TYPE_PEHSTR","0B000B000B0000010064557365722D4167656E743A204D6F7A696C6C612F342E302028636F6D70617469626C653B204D53494520362E303B2057696E646F7773204E5420352E303B202E4E455420434C5220312E312E343332323B202E4E455420434C5220312E302E333730352901000B737663686F73742E646C6C01000A4B696C6C333630426F78010048530059005300540045004D005C00430075007200720065006E00740043006F006E00740072006F006C005300650074005C00530065007200760069006300650073005C002500730001001C530074006F00700033003600300020004500720072006F007200210001003053004F004600540057004100520045005C0033003600300053006100660065005C0073006100660065006D006F006E0001005A530059005300540045004D005C0043006F006E00740072006F006C005300650074003000300033005C00530065007200760069006300650073005C0042004900540053005C0050006100720061006D006500740065007200730001001633003600300074007200610079002E0065007800650001001E730061006600650062006F00780054007200610079002E006500780065000100125C0062006900740073002E0064006C006C0001000A5B005400410042005D000000"
"_!Killav.CZ","SIGNATURE_TYPE_THREAT_END","3F050200"
"MonitoringTool:Win32/Senza","SIGNATURE_TYPE_THREAT_BEGIN","17070200000001000C001A004D6F6E69746F72696E67546F6F6C3A57696E33322F53656E7A6100000140058232000400"
"MonitoringTool:Win32/Senza","SIGNATURE_TYPE_PEHSTR","0D000D000500000A001153656E7A616C61204B65796C6F676765720100115465636C6173206361707475726164617301001E57696E646F7773204D6564696120506C617965725C736B7970652E657865010016736D74702E6D61696C2E7961686F6F2E636F6D2E627201000C40686F746D61696C2E636F6D0000"
"MonitoringTool:Win32/Senza","SIGNATURE_TYPE_THREAT_END","17070200"
"MonitoringTool:Win32/Rysio","SIGNATURE_TYPE_THREAT_BEGIN","30070200000001000C001A004D6F6E69746F72696E67546F6F6C3A57696E33322F527973696F00000140058232000400"
"MonitoringTool:Win32/Rysio","SIGNATURE_TYPE_PEHSTR","200020000C00000A000C527973696F4C6F67676572200A000E44697361626C655461736B4D677205000A5C706C696B2E6578650005000B00416E74795669727573000200066861736C6F000200076B6C696A656E740100096B65796C6F676765720100064B657953707901000B6F6E6D6F62696C656C6F6701000A73686F77636C6F636B7401000A6F6E62726F777365726801000A53637265656E53686F740000"
"MonitoringTool:Win32/Rysio","SIGNATURE_TYPE_THREAT_END","30070200"
"_!Zlob.gen!CQ","SIGNATURE_TYPE_THREAT_BEGIN","C50702000000010004000D0088215A6C6F622E67656E2143510000014005833F000200"
"_!Zlob.gen!CQ","SIGNATURE_TYPE_PEHSTR","160016000500000A001230222021263B203D303B2A3D2226212E06300A000E443335382D343841332D413543370100052068707472010006394341363842010007474F4D4F4452490000"
"_!Zlob.gen!CQ","SIGNATURE_TYPE_THREAT_END","C5070200"
"_!Zlob.gen!CT","SIGNATURE_TYPE_THREAT_BEGIN","C60702000000010004000D0088215A6C6F622E67656E2143540000014005833F000200"
"_!Zlob.gen!CT","SIGNATURE_TYPE_PEHSTR","0C000C000400000A000C353100517569636B54696D6501000E24732F6765742E7068703F69643D01000B642077697468206164776101000D5F5F504D5F4D494E495F53544F0000"
"_!Zlob.gen!CT","SIGNATURE_TYPE_THREAT_END","C6070200"
"_!Killav.DD","SIGNATURE_TYPE_THREAT_BEGIN","A70B02000000010008000B00AC214B696C6C61762E444400000140058300000000"
"_!Killav.DD","SIGNATURE_TYPE_PEHSTR","050005000500000100105465726D696E61746550726F6365737301002E5C57696E646F77735C43757272656E7456657273696F6E5C706F6C69636965735C4578706C6F7265725C52756E5C0100375C57696E646F7773204E545C43757272656E7456657273696F6E5C496D6167652046696C6520457865637574696F6E204F7074696F6E7301001B5C4465627567676572000000FFFFFFFF070000006E747364202D640100337261766D6F6E2E6578650000FFFFFFFF0B0000007261766D6F6E642E65786500FFFFFFFF0B0000007261767461736B2E6578650000"
"_!Killav.DD","SIGNATURE_TYPE_THREAT_END","A70B0200"
"BrowserModifier:Win32/OneStepSearch.C","SIGNATURE_TYPE_THREAT_BEGIN","130F0200000001000D00250042726F777365724D6F6469666965723A57696E33322F4F6E65537465705365617263682E4300000140048211000400"
"BrowserModifier:Win32/OneStepSearch.C","SIGNATURE_TYPE_PEHSTR","200020000800000A000F7777772E7365656B65656E2E636F6D0A00267B31464241303445452D333032342D313144322D384631462D3030303046383741424431367D0A002761756374696F6E0061756B74696F6E00626F6F6B00626F7574697175650063616C6C0063686174010011506174683D50726F66696C65732F666F6F01001E3F7072743D2573266B6579776F7264733D7B7365617263685465726D737D0100116368726F6D655C6368726F6D652E72646601001153686F77546F6F6C626172427574746F6E01001C436F6D6D616E6400496E7374616C6C004D61696E00536572766963650000"
"BrowserModifier:Win32/OneStepSearch.C","SIGNATURE_TYPE_THREAT_END","130F0200"
"_!Renos.BAD","SIGNATURE_TYPE_THREAT_BEGIN","470F02000000010008000B00AC2152656E6F732E42414400000140058370000400"
"_!Renos.BAD","SIGNATURE_TYPE_PEHSTR","08000800070000020021447269766572206469736B2E737973206973206F7574206F66206D656D6F72790002004C596F757220636F6D707574657220697320696E66656374656421204974206973207265636F6D6D656E64656420746F207374617274207370797761726520636C65616E657220746F6F6C2E000200185761726E696E6721205365637572697479207265706F7274020022536F6674776172655C4D6963726F736F66745C53656375726974792043656E74657201001B4163636573732076696F6C6174696F6E20617420616464726573730100144E6F4368616E67696E6757616C6C70617065720001001544697361626C655265676973747279546F6F6C73000000"
"_!Renos.BAD","SIGNATURE_TYPE_THREAT_END","470F0200"
"_!Zlob.gen!CV","SIGNATURE_TYPE_THREAT_BEGIN","F60F02000000010004000D0088215A6C6F622E67656E2143560000014005833F000200"
"_!Zlob.gen!CV","SIGNATURE_TYPE_PEHSTR","03000300030000010020FD6F0FB7731E6F726167653230303943D6DEFE1B8D626F706C617965722EC774010030F60A5F762F766964656FD60D7B27560A2F27746A1F16FBFF742F3F633D25312E3164256406EF537079D6FDBBDB77618B010020FF870090006D79632E69636F002573BEFDFFED2F646F0A7068703F747970653D0000"
"_!Zlob.gen!CV","SIGNATURE_TYPE_THREAT_END","F60F0200"
"_!Zlob.gen!CW","SIGNATURE_TYPE_THREAT_BEGIN","F70F02000000010004000D0088215A6C6F622E67656E2143570000014005833F000200"
"_!Zlob.gen!CW","SIGNATURE_TYPE_PEHSTR","03000300030000010030E9679FFFFF303030316563326430303030303030364D5A90000300000004000000FFFF0000B800000000000000400000010020682D7A6C6C53747D6E67ABA7D70CEDB74C61794E616DEF96DF036D8E187F467C010030323403344545AD7BA1DD0CBF4E007B28937865631BADE1F7EE680363742E700B72655B69036BB1EDBB2F08703A2F2F770000"
"_!Zlob.gen!CW","SIGNATURE_TYPE_THREAT_END","F70F0200"
"_!Zlob.gen!AAA","SIGNATURE_TYPE_THREAT_BEGIN","D31102000000010004000E0088215A6C6F622E67656E214141410000014005833F000200"
"_!Zlob.gen!AAA","SIGNATURE_TYPE_PEHSTR","0400040004000001000A74635C737663683B745C01000B72622B7461736B6D677256010021687474703A2F2F7777772E726162626974736166652E636E2F746573742E6578650100105C647269766572735C737663686F73740000"
"_!Zlob.gen!AAA","SIGNATURE_TYPE_THREAT_END","D3110200"
"_!Zlob.gen!AAB","SIGNATURE_TYPE_THREAT_BEGIN","D41102000000010004000E0088215A6C6F622E67656E214141420000014005833F000200"
"_!Zlob.gen!AAB","SIGNATURE_TYPE_PEHSTR","0400040004000001000B38312E302E3235302E343701002525733F76657273696F6E3D257326636E3D257326636F6E747970653D2564267069643D2564010008436C69636B4E756D01001425733F69645F6E756D3D256426746578743D25730000"
"_!Zlob.gen!AAB","SIGNATURE_TYPE_THREAT_END","D4110200"
"_!Zlob.gen!AAC","SIGNATURE_TYPE_THREAT_BEGIN","D51102000000010004000E0088215A6C6F622E67656E214141430000014005833F000200"
"_!Zlob.gen!AAC","SIGNATURE_TYPE_PEHSTR","0400040004000001001666726F6D3D502D323333323638266261636B75726C3D01000C3F7069643D6738343233323901000B77696E3837726D2E646C6C0100185C69655C7265616C706C6179657231305C48676A2E7061730000"
"_!Zlob.gen!AAC","SIGNATURE_TYPE_THREAT_END","D5110200"
"_!Killav.X","SIGNATURE_TYPE_THREAT_BEGIN","C21202000000010008000A00AC214B696C6C61762E5800000140058300000000"
"_!Killav.X","SIGNATURE_TYPE_PEHSTR","2A002A000800000A001A4D6963726F736F66742056697375616C2053747564696F5C56420A001255524C446F776E6C6F6164546F46696C65410A0011646F776E6C6F61645F70726F67726573730A00207400610073006B006B0069006C006C0020002F00660020002F0069006D00200001003863006D00640020002F00630020006E00650074002000730074006F007000200073006800610072006500640061006300630065007300730001001E67006F002E0063006E002F00660064002F006600640035002F006600640001001868007400740070003A002F002F00670067002E007000770001003C43003A005C00570049004E0044004F00570053005C0046006F006E00740073005C0049004500580050004C004F005200450052002E004500580045000000"
"_!Killav.X","SIGNATURE_TYPE_THREAT_END","C2120200"
"_!Killav.CL","SIGNATURE_TYPE_THREAT_BEGIN","B41702000000010008000B00AC214B696C6C61762E434C00000140058300000000"
"_!Killav.CL","SIGNATURE_TYPE_PEHSTR","10000B000400000500125C005000610063006B002E0076006200700001000E6100760070002E006500780065000100145200610076006D006F006E002E006500780065000A009C570069006E0064006F007700730020004E0054005C00430075007200720065006E007400560065007200730069006F006E005C0049006D006100670065002000460069006C006500200045007800650063007500740069006F006E0020004F007000740069006F006E0073005C000000100000006400650062007500670067006500720000000000100000004900460045004F00460049004C0045000000"
"_!Killav.CL","SIGNATURE_TYPE_THREAT_END","B4170200"
"_!Killav.CM","SIGNATURE_TYPE_THREAT_BEGIN","B51702000000010008000B00AC214B696C6C61762E434D00000140058300000000"
"_!Killav.CM","SIGNATURE_TYPE_PEHSTR","1900190004000005001A53595354454D00006176702E65786500544553545F4556454E540500346100760070002E006500780065000000530059005300540045004D000000000054004500530054005F004500560045004E0054000A006A42006100730065004E0061006D00650064004F0062006A0065006300740073005C00360039003500330045004100360030002D0038004400350046002D0034003500320039002D0038003700310030002D003400320046003800450044003300450038004300440041000A000F4475706C696361746548616E646C650000"
"_!Killav.CM","SIGNATURE_TYPE_THREAT_END","B5170200"
"_!Koobface.gen!D","SIGNATURE_TYPE_THREAT_BEGIN","AA1C02000000010008001000AC214B6F6F62666163652E67656E214400000140058370000400"
"_!Koobface.gen!D","SIGNATURE_TYPE_PEHSTR","05000500050000010031474554202F76782F3F757074696D653D256C6426763D2564267375623D25642670696E673D256C6420485454502F312E3001002F6E65747368206669726577616C6C2061646420706F72746F70656E696E672054435020383020257320454E41424C450100276E657473682061646420616C6C6F77656470726F6772616D202225732220257320454E41424C450100143C212D2D204C4142454C5F434F444543202D2D3E0100145C776562737276785C776562737276782E6461740000"
"_!Koobface.gen!D","SIGNATURE_TYPE_THREAT_END","AA1C0200"
"BrowserModifier:Win32/Nassem","SIGNATURE_TYPE_THREAT_BEGIN","301F0200000001000D001C0042726F777365724D6F6469666965723A57696E33322F4E617373656D00000140048211000400"
"BrowserModifier:Win32/Nassem","SIGNATURE_TYPE_PEHSTR","0900090006000003000A446F42484F4576656E740300142E444C4C00446C6C43616E556E6C6F61644E6F7701003043004F004E0046004900470055005200410054004F0052005F0047004C004F00420041004C005F004C004F0043004B000100144D00410058004600650065006400550052004C000200306D0065007300730061006E006700650072007500700064006100740065002E006E00650074002F0063006F006E0066000200205C0044007200690076006500720073005C007000750062002E0064006C006C000000"
"BrowserModifier:Win32/Nassem","SIGNATURE_TYPE_THREAT_END","301F0200"
"BrowserModifier:Win32/Kerlofost","SIGNATURE_TYPE_THREAT_BEGIN","561F0200000001000D001F0042726F777365724D6F6469666965723A57696E33322F4B65726C6F666F737400000140048211000400"
"BrowserModifier:Win32/Kerlofost","SIGNATURE_TYPE_PEHSTR","190019000600000A001642726F777365722048656C706572204F626A656374730A00142E444C4C00446C6C43616E556E6C6F61644E6F7702000C72656B6C6F736F66742E727502000E72656B6C6F736F66745F6164772E01002446464646453730382D423833322D343246312D424146462D32343737353342354534353201002437314535394433372D443746432D344544362D424331442D4431334245303246453643350000"
"BrowserModifier:Win32/Kerlofost","SIGNATURE_TYPE_THREAT_END","561F0200"
"_!Wintrim.G","SIGNATURE_TYPE_THREAT_BEGIN","F81F02000000010008000B00AC2157696E7472696D2E4700000140058370000400"
"_!Wintrim.G","SIGNATURE_TYPE_PEHSTR","030003000300000100206D796D757473676C776F726B000000003730444136433137413734393443313301002072726F723D000000266C6173746572726F723D002661646D696E3D00266F736901002046325F00383734393461306261386638663934656664376465626361663931380000"
"_!Wintrim.G","SIGNATURE_TYPE_THREAT_END","F81F0200"
"_!Neeris.AS","SIGNATURE_TYPE_THREAT_BEGIN","6C2402000000010005000B00A4214E65657269732E415300000140058364000400"
"_!Neeris.AS","SIGNATURE_TYPE_PEHSTR","1F001F0005000001001D446F5F766F6F5F646F6F5F4F6E5F596F75725F4D6F6D735F50757373790100136D6574616C2D72756C65732D706F702D7375780A00094C414E4D414E312E300A0010436F6E74656E742D547970653A2025730A000E73616E64626F7800766D776172650000"
"_!Neeris.AS","SIGNATURE_TYPE_THREAT_END","6C240200"
"_!Daonol.D","SIGNATURE_TYPE_THREAT_BEGIN","7E2402000000010008000A00AC2144616F6E6F6C2E4400000140058370000400"
"_!Daonol.D","SIGNATURE_TYPE_PEHSTR","08000800070000040020433A5C57494E444F57535C53595354454D33325C73716C736F6462632E63686D02000676697275747E020006464F4F42415201000A6D69656B69656D6F6573010011466F6F4261722E6C6F63616C2E686F737401000D6C6F63616C2E666F6F2E636F6D010007666F6F626172670000"
"_!Daonol.D","SIGNATURE_TYPE_THREAT_END","7E240200"
"BrowserModifier:Win32/Procesemes.B","SIGNATURE_TYPE_THREAT_BEGIN","90250200000001000D00220042726F777365724D6F6469666965723A57696E33322F50726F636573656D65732E4200000140048211000400"
"BrowserModifier:Win32/Procesemes.B","SIGNATURE_TYPE_PEHSTR","0600060006000001000C4C6F61645265736F7572636501000F446C6C43616E556E6C6F61644E6F77010010487474704F70656E526571756573745701008C4D006F007A0069006C006C0061002F0034002E0030002000280063006F006D00700061007400690062006C0065003B0020004D00530049004500200036002E00300062003B002000570069006E0064006F007700730020004E005400200035002E0030003B0020002E004E0045005400200043004C005200200031002E0030002E0032003900310034002900010012496E7465726E6574536574436F6F6B6965570100118BD783E201C1E2026A04592BCAD2E008060000"
"BrowserModifier:Win32/Procesemes.B","SIGNATURE_TYPE_THREAT_END","90250200"
"_!Killav.KM","SIGNATURE_TYPE_THREAT_BEGIN","4F2702000000010008000B00AC214B696C6C61762E4B4D00000140058300000000"
"_!Killav.KM","SIGNATURE_TYPE_PEHSTR","150015000F00000A00325C00410046003A005C0011628476A25B37625C00F0537E6E287584765C00134E28755C00E55D0B7A31002E007600620070000A0046410046003A005C00116284760B7A8F5E5C003200300030003900745E2A4EBA4E48720B4E7D8F05805C00D89A74514D4F6E7F134E28755C00E55D0B7A31002E007600620070000A00485C00410046003A005C00116284760B7A8F5E5C003200300030003900745E2A4EBA4E48720B4E7D8F05805C00D89A74514D4F6E7F134E28755C00E55D0B7A31002E007600620070000A00422A005C00410046003A005C00116284760B7A8F5E5C003200300030003900745E2A4EBA4E48720B4E7D8F05805C0005534D4F6E7F134E28755C00E55D0B7A31002E0001001E730061006600650062006F00780074007200610079002E00650078006500010012510051004B00610076002E006500780065000100184B0076004400650074006500630074002E0065007800650001001C540072006F006A0061006E00770061006C006C002E006500780065000100185100510044006F00630074006F0072002E006500780065000100164B007600660077004D0063006C002E00650078006500010016540072006F006A004400690065002E006B00780070000100144500470048004F00530054002E006500780065000100164B0056004D006F006E00580050002E006B00780070000100145500490048006F00730074002E0065007800650001001633003600300053006100660065002E006500780065000000"
"_!Killav.KM","SIGNATURE_TYPE_THREAT_END","4F270200"
"_!Killav.DI","SIGNATURE_TYPE_THREAT_BEGIN","8E2902000000010008000B00AC214B696C6C61762E444900000140058300000000"
"_!Killav.DI","SIGNATURE_TYPE_PEHSTR","03000300030000010025636D64202F6320736320636F6E66696720656B726E2073746172743D2064697361626C65640100152F63207461736B6B696C6C2E657865202F696D206501000C25732564746573742E646C6C0000"
"_!Killav.DI","SIGNATURE_TYPE_THREAT_END","8E290200"
"BrowserModifier:Win32/Yisou","SIGNATURE_TYPE_THREAT_BEGIN","852A0200000001000D001B0042726F777365724D6F6469666965723A57696E33322F5969736F7500000140048211000400"
"BrowserModifier:Win32/Yisou","SIGNATURE_TYPE_PEHSTR","0400040004000001003A7B45463144313741392D303839462D343063632D384436342D3733323443444542413044427D00005969536F7500000044726167536561726368010013536F6674776172655C333732315C7969736F75010015636C69656E745F6261725F736472616726703D257301001A42686F4F626A2E444C4C00446C6C43616E556E6C6F61644E6F770000"
"BrowserModifier:Win32/Yisou","SIGNATURE_TYPE_THREAT_END","852A0200"
"BrowserModifier:Win32/Chackill","SIGNATURE_TYPE_THREAT_BEGIN","C32E0200000001000D001E0042726F777365724D6F6469666965723A57696E33322F436861636B696C6C00000140048211000400"
"BrowserModifier:Win32/Chackill","SIGNATURE_TYPE_PEHSTR","0400040004000001004A536F6674776172655C4D6963726F736F66745C57696E646F77735C43757272656E7456657273696F6E5C6578706C6F7265725C42726F777365722048656C706572204F626A656374735C01001B614B696C6C65722E646C6C00446C6C43616E556E6C6F61644E6F7701002444444437464545362D413935332D303837312D354445432D4243463938314144373633330100122F2F76672E6C612F61646475726C2E68746D0000"
"BrowserModifier:Win32/Chackill","SIGNATURE_TYPE_THREAT_END","C32E0200"
"_!C2Lop","SIGNATURE_TYPE_THREAT_BEGIN","5B3002000000010002000700F02143324C6F700000014004823F000400"
"_!C2Lop","SIGNATURE_TYPE_PEHSTR","0500050005000001001D253032582D253032582D253032582D253032582D253032582D25303258010009264D61634E616D653D01001C494E5363726970742E646C6C00446C6C43616E556E6C6F61644E6F7701001977616B656E65745C696E7374616C6C65725C706C7567696E73010048380046003100320036003000350042002D0030003000410041002D0034004200320039002D0039003500430036002D003200440037003700430038004500440033003200410038000000"
"_!C2Lop","SIGNATURE_TYPE_THREAT_END","5B300200"
"BrowserModifier:Win32/Knowledgelink","SIGNATURE_TYPE_THREAT_BEGIN","A9310200000001000D00230042726F777365724D6F6469666965723A57696E33322F4B6E6F776C656467656C696E6B00000140048211000400"
"BrowserModifier:Win32/Knowledgelink","SIGNATURE_TYPE_PEHSTR","040004000400000100464578706C6F7265725C42726F777365722048656C706572204F626A656374735C7B38414633334335312D453933332D343042332D424537342D4539453633304336303630437D01001F706F706265666F726574696D653D0000706F7075726C3D00706F706E65773D010011266B696E643D757064617465636865636B0100226B6E6F776C656467656C696E6B732E444C4C00446C6C43616E556E6C6F61644E6F770000"
"BrowserModifier:Win32/Knowledgelink","SIGNATURE_TYPE_THREAT_END","A9310200"
"_!Vundo.LR!dll","SIGNATURE_TYPE_THREAT_BEGIN","343402000000010008000E00AC2156756E646F2E4C5221646C6C00000140058308000400"
"_!Vundo.LR!dll","SIGNATURE_TYPE_PEHSTR","020002000200000100164A7869626E7877004C746E6B7200516E777562777900010012570075007700650069002E0064006C006C000000"
"_!Vundo.LR!dll","SIGNATURE_TYPE_THREAT_END","34340200"
"_!Slenfbot.AIC","SIGNATURE_TYPE_THREAT_BEGIN","353402000000010005000E00A421536C656E66626F742E41494300000140058364000400"
"_!Slenfbot.AIC","SIGNATURE_TYPE_PEHSTR","040004000400000100174765744C6F676963616C4472697665537472696E67734101005223626F7476352E6578657C447C4D656D6F727920457865637574657C2574686973657865252346696C65496E666F2E77686F7C547C457874726163742046696C65204F6E6C797C4E6F6E6520496E6A65637401001F007465616C746853657474696E6773005573620070327053704D61736F6E000100205C0065004D0075006C0065005C0049006E0063006F006D0069006E0067005C000000"
"_!Slenfbot.AIC","SIGNATURE_TYPE_THREAT_END","35340200"
"_!Hiloti.A","SIGNATURE_TYPE_THREAT_BEGIN","6A3402000000010008000A00AC2148696C6F74692E4100000140058370000400"
"_!Hiloti.A","SIGNATURE_TYPE_PEHSTR","060006000600000100187A0066007300650061007200630068002E0063006F006D0001004668007400740070003A002F002F00250073002F006A00730033002E007000680070003F006B00770073003D00250025007300260071003D00250025007300260025002500730001001052006500660065007200650072003A00010010720065006400690072006500630074000100167300650061007200630068007400650072006D003D000100106B006500790077006F00720064003D000000"
"_!Hiloti.A","SIGNATURE_TYPE_THREAT_END","6A340200"
"_!Daonol.G","SIGNATURE_TYPE_THREAT_BEGIN","1C3702000000010008000A00AC2144616F6E6F6C2E4700000140058370000400"
"_!Daonol.G","SIGNATURE_TYPE_PEHSTR","04000400040000010036736F6674776172655C6D6963726F736F66745C77696E646F7773206E745C63757272656E7476657273696F6E5C64726976657273333201000977696E6D6D2E646C6C010014416E74694D6348544E4F44334C49564550616E6401001F5C696E7465726E6574206578706C6F7265725C696578706C6F72652E6578650000"
"_!Daonol.G","SIGNATURE_TYPE_THREAT_END","1C370200"
"_!Zlob.APT","SIGNATURE_TYPE_THREAT_BEGIN","983A02000000010004000A0088215A6C6F622E4150540000014005833F000200"
"_!Zlob.APT","SIGNATURE_TYPE_PEHSTR","0400040004000001002C5F0041004400310043006F006D0070006C00650074006500520065006D006F00760065004E006F0077005F000100305F00620072006F0077007300650072005F00720065006400690072006500630074005F006500760065006E0074005F0001006A2F006700650074002D006C006100730074002D007500700064006100740065002E007000680070003F007300690064003D00300026006100690064003D003000260073006100690064003D003000260070006E003D00260063006F006E006600690067003D0063006E000100287700770077002E007400680065006E006D006E006500740077006F0072006B002E0063006F006D000000"
"_!Zlob.APT","SIGNATURE_TYPE_THREAT_END","983A0200"
"_!Alureon.DD","SIGNATURE_TYPE_THREAT_BEGIN","A73B02000000010008000C00AC21416C7572656F6E2E444400000140058370000400"
"_!Alureon.DD","SIGNATURE_TYPE_PEHSTR","01000100010000010030C645F069C645F127C645F26CC645F36CC645F420C645F562C645F665C645F720C645F862C645F961C645FA63C645FB6B0000"
"_!Alureon.DD","SIGNATURE_TYPE_THREAT_END","A73B0200"
"_!FakeDeflab","SIGNATURE_TYPE_THREAT_BEGIN","D43B02000000010008000C00AC2146616B654465666C616200000140058370000400"
"_!FakeDeflab","SIGNATURE_TYPE_PEHSTR","0400040006000002001F2F636865636B2E7068703F6D6F64653D636865636B267469643D253038780001007C4D0061006C00770061007200650073002000640065007400650063007400650064002E0020005000720065007300730020004E00650078007400200062007500740074006F006E00200074006F00200063006C00650061006E002F00720065006D006F0076006500200074006800720065006100740073002E000000010028540052002F0053007000790077006100720065002E004E005400410050002E00470065006E00000001003657004D002F00540072006F006A0061006E002E0044006F0077006E006C006F0061006400650072002E004700650074002E00350000000100325C005C002E005C0070006900700065005C00610070007300650072007600650072002D006B002D007000690070006500000001006C59006F0075002000750073006500200074007200690061006C002000760065007200730069006F006E0020006F0066002000740068006500200044006500660065006E00630065004C00610062002000520065006D006F00760061006C00200054006F006F006C0073002E000000"
"_!FakeDeflab","SIGNATURE_TYPE_THREAT_END","D43B0200"
"_!Alureon.DH","SIGNATURE_TYPE_THREAT_BEGIN","6C3E02000000010008000C00AC21416C7572656F6E2E444800000140058370000400"
"_!Alureon.DH","SIGNATURE_TYPE_PEHSTR","0300030003000001000E536F6674776172655C6838737274010022687474703A2F2F25732F3F67643D25732661666669643D25732673756269643D25730100125B50414E454C5F5349474E5F434845434B5D0000"
"_!Alureon.DH","SIGNATURE_TYPE_THREAT_END","6C3E0200"
"MonitoringTool:Win32/Powerspy.C","SIGNATURE_TYPE_THREAT_BEGIN","2A3F0200000001000C001F004D6F6E69746F72696E67546F6F6C3A57696E33322F506F7765727370792E4300000240058232000400"
"MonitoringTool:Win32/Powerspy.C","SIGNATURE_TYPE_PEHSTR","03000300030000010022640070006E007300760072006D0000000C000000760073007300760063006D00000001003265006D006100740072006900780073006F00660074002E0063006F006D002F006200750079002E00680074006D006C0000000100605C006D0073006E0061007000700069006E0069002E0069006E00690000000000160000005C006D0073006E007500730072002E0069006E00690000001E0000005C0065006D007800660069006C0065003000300031002E0064006100740000000000"
"MonitoringTool:Win32/Powerspy.C","SIGNATURE_TYPE_PEHSTR","03000300030000010022640070006E007300760072006D0000000C000000760073007300760063006D0000000100445900610068006F006F00210020004D0065007300730065006E0067006500720020004300680061007400200043006F006E007600650072007300610069006F006E00000001007246003A005C0044006500760065006C006F0070006D0065006E0074005C004D0053004E00200053007000790020004D006F006E00690074006F007200200054007200690061006C005C00500072006F006A0065006300740073005C00430050002000500072006F006A006500630074005C000000"
"MonitoringTool:Win32/Powerspy.C","SIGNATURE_TYPE_THREAT_END","2A3F0200"
"MonitoringTool:Win32/Powerspy.D","SIGNATURE_TYPE_THREAT_BEGIN","20400200000001000C001F004D6F6E69746F72696E67546F6F6C3A57696E33322F506F7765727370792E4400000140058232000400"
"MonitoringTool:Win32/Powerspy.D","SIGNATURE_TYPE_PEHSTR","03000300030000010022640070006E00730076007200790000000C000000760073007300760063007900000001003265006D006100740072006900780073006F00660074002E0063006F006D002F006200750079002E00680074006D006C0000000100505C00790069006D0061007000700069006E0069002E0069006E00690000000000160000005C00790069006D007500730072002E0069006E00690000001E0000005C0065006D007800660069006C0065000000"
"MonitoringTool:Win32/Powerspy.D","SIGNATURE_TYPE_THREAT_END","20400200"
"MonitoringTool:Win32/Powerspy.F","SIGNATURE_TYPE_THREAT_BEGIN","04430200000001000C001F004D6F6E69746F72696E67546F6F6C3A57696E33322F506F7765727370792E4600000140058232000400"
"MonitoringTool:Win32/Powerspy.F","SIGNATURE_TYPE_PEHSTR","0300020003000001001A5C007000730061007000700069006E0069002E0069006E00690001001C7000730061007000700069006E006900640078002E0069006E006900010014620064006D007200650067002E006500780065000000"
"MonitoringTool:Win32/Powerspy.F","SIGNATURE_TYPE_THREAT_END","04430200"
"__Terdial.A","SIGNATURE_TYPE_THREAT_BEGIN","E8450200000001000B000B00F6A15465726469616C2E4100000140058224000400"
"__Terdial.A","SIGNATURE_TYPE_PEHSTR","23001F000800000A0026570069006E0064006F00770073005C0073006D00610072007400330032002E006500780065000A000F436552756E417070417454696D65000A002643004500550058000C00480049005F005200450053005F0041005700410052004500010000000100182B00310037003600370035003000330033003600310031000100182B00380038003200310033003200310033003200310034000100182B00320035003200340030003200320031003600300031000100162B00320033003900320032003800330032003600310001001C2B0038003800310038003400320030003100310031003200330000000000"
"__Terdial.A","SIGNATURE_TYPE_THREAT_END","E8450200"
"_!Oficla.P","SIGNATURE_TYPE_THREAT_BEGIN","AE4602000000010008000A00AC214F6669636C612E5000000140058370000400"
"_!Oficla.P","SIGNATURE_TYPE_PEHSTR","0500040004000003000A2F62622E7068703F763D0100077461736B69643A01000772756E75726C3A01000C696E65746D6962312E646C6C0000"
"_!Oficla.P","SIGNATURE_TYPE_THREAT_END","AE460200"
"_!Alureon.T","SIGNATURE_TYPE_THREAT_BEGIN","344702000000010025000B008C21416C7572656F6E2E540000014005835D000400"
"_!Alureon.T","SIGNATURE_TYPE_PEHSTR","010001000100000100943B2140496E7374616C6C40215554462D38210D0A5469746C653D22437261636B20616E642053657269616C220D0A426567696E50726F6D70743D2244697361626C6520616E746976697275736573206265666F7265207061746368696E67215C6E436F6E74696E75653F220D0A52756E50726F6772616D3D2273657475702E626174220D0A3B2140496E7374616C6C456E6440210000"
"_!Alureon.T","SIGNATURE_TYPE_THREAT_END","34470200"
"MonitoringTool:Win32/SteelKeylogger.A","SIGNATURE_TYPE_THREAT_BEGIN","E5480200000001000C0025004D6F6E69746F72696E67546F6F6C3A57696E33322F537465656C4B65796C6F676765722E4100000140058232000400"
"MonitoringTool:Win32/SteelKeylogger.A","SIGNATURE_TYPE_PEHSTR","0400040004000001003E4B00650079007300740072006F006B0065007300200061007200650020006C006F006700670065006400200069006E00200068006500720065002E002E000100386800690064006500200074006F00200065006E00740065007200200069006E00760069007300690062006C00650020006D006F00640065000100185B00570069006E0064006F00770073004B00650079005D0001000E636C6970626F61726474696D65720000"
"MonitoringTool:Win32/SteelKeylogger.A","SIGNATURE_TYPE_THREAT_END","E5480200"
"_!Killav.EZ","SIGNATURE_TYPE_THREAT_BEGIN","D25202000000010008000B00AC214B696C6C61762E455A00000140058300000000"
"_!Killav.EZ","SIGNATURE_TYPE_PEHSTR","040004000500000200165C004400650076006900630065005C004D0053004E000100165C4170702050617468735C333630536166652E6578650100115A6875446F6E6746616E6759752E65786501000E5C73797374656D5C7063692E737903000C52756E646C6C2E646C6C00620000"
"_!Killav.EZ","SIGNATURE_TYPE_THREAT_END","D2520200"
"MonitoringTool:Win32/Powerspy.H","SIGNATURE_TYPE_THREAT_BEGIN","C3550200000001000C001F004D6F6E69746F72696E67546F6F6C3A57696E33322F506F7765727370792E4800000140058232000400"
"MonitoringTool:Win32/Powerspy.H","SIGNATURE_TYPE_PEHSTR","0A0007000500000100364D006F006E00690074006F007200200069007300200061006C00720065006100640079002000730074006100720074006500640021000200204B00650079007300740072006F006B006500730020005400790070006500640002002849004300510020004300680061007400200043006F006E007600650072007300610069006F006E0003004055006E00640065007200200053007400650061006C007400680020004D006F00640065002C00200074006800690073002000700072006F006700720061006D0002003474006800650020002700530065006E00640020006C006F0067007300200074006F00200079006F007500720020004600540050000000"
"MonitoringTool:Win32/Powerspy.H","SIGNATURE_TYPE_THREAT_END","C3550200"
"_!Hiloti.gen!E","SIGNATURE_TYPE_THREAT_BEGIN","375602000000010008000E00AC2148696C6F74692E67656E214500000140058370000400"
"_!Hiloti.gen!E","SIGNATURE_TYPE_PEHSTR","0700050009000002002A720075006E0064006C006C00330032002E00650078006500200022002500730022002C0069006500700001000E660066007000700063003A0000000100167500700064006100740065002E00650078006500000001006A250030003100300064002E0025003000380078002E0025003000320064002E00250073002E00250073002E00250073002E00250073002E00250073002E00250073002E005F0074005F0069002E0025003000340078002E00250073002E00250064002E0025007300000001000C26006100690064003D00000001000C26007500690064003D00000001000C2600610064006D003D00000001001826005F00740063006B003D0025003000310030006400000001000E2600700072006F0063003D0000000000"
"_!Hiloti.gen!E","SIGNATURE_TYPE_THREAT_END","37560200"
"Rogue:Win32/MajorDefenseKit","SIGNATURE_TYPE_THREAT_BEGIN","D65902000000010008001B00526F6775653A57696E33322F4D616A6F72446566656E73654B697400000140058270000400"
"Rogue:Win32/MajorDefenseKit","SIGNATURE_TYPE_PEHSTR","040004000400000100224D0061006A006F007200200044006500660065006E007300650020004B00690074000100E674006800650020006E0065006300650073007300610072007900200068006500750072006900730074006900630020006D006F00640075006C006500200061006E006400200070006500720066006F0072006D00200061002000660075006C006C0020007300630061006E0020006F006600200079006F0075007200200063006F006D0070007500740065007200200074006F002000650078007400650072006D0069006E0061007400650020006D0061006C006900630069006F00750073002000700072006F006700720061006D0073002000660072006F006D002000690074002E0000000100405700610072006E0069006E00670021002000520075006E006E0069006E006700200074007200690061006C002000760065007200730069006F006E002100000001006A2000660069006C00650073002000630061006E002700740020006200650020007200650063006F00760065007200650064002000280068006500750072006900730074006900630020006D006F00640075006C00650020006D0069007300730069006E006700290000000000"
"Rogue:Win32/MajorDefenseKit","SIGNATURE_TYPE_THREAT_END","D6590200"
"BrowserModifier:Win32/Hijacker.G","SIGNATURE_TYPE_THREAT_BEGIN","B0600200000001000D00200042726F777365724D6F6469666965723A57696E33322F48696A61636B65722E4700000140048211000400"
"BrowserModifier:Win32/Hijacker.G","SIGNATURE_TYPE_PEHSTR","0500050005000001004C7B00300033004300410030003700310036002D0039003400310038002D0034004600320033002D0042004500360030002D004600390037003700390046004200340042003400460044007D000100554A535F48696A61636B2E444C4C00446C6C43616E556E6C6F61644E6F7700446C6C476574436C6173734F626A65637400446C6C526567697374657253657276657200446C6C556E72656769737465725365727665720100124C494249445F4A535F48696A61636B4C696201000F4A535F48696A61636B4D6F64756C6501000A6A6176617363726970740000"
"BrowserModifier:Win32/Hijacker.G","SIGNATURE_TYPE_THREAT_END","B0600200"
"__Killav.W","SIGNATURE_TYPE_THREAT_BEGIN","066102000000010008000A00AD014B696C6C61762E5700000140058300000000"
"__Killav.W","SIGNATURE_TYPE_PEHSTR","0100010001000001005F252562756C6C7368697425256D706625255F256C2573617273252571736B25257067353625256D736E2525662520257125252E2525772525726D61252567366625256176705F636C756225262574656E25252F252572616D252578252562250000"
"__Killav.W","SIGNATURE_TYPE_THREAT_END","06610200"
"MonitoringTool:Win32/Powerspy.I","SIGNATURE_TYPE_THREAT_BEGIN","9F610200000001000C001F004D6F6E69746F72696E67546F6F6C3A57696E33322F506F7765727370792E4900000140058232000400"
"MonitoringTool:Win32/Powerspy.I","SIGNATURE_TYPE_PEHSTR","0500050005000001001A7B005300630072006F006C006C0020004C006F0063006B007D0001000E730063007200730068006F00740001006049006E007300650072007400200049006E0074006F002000570069006E0043006100700073002000280055007300650072006E0061006D0065002C00200043006F006E00740065006E00740029002000560061006C007500650073002800270001008849006E007300650072007400200049006E0074006F0020004B00650079007300740072006F006B00650073002000280055007300650072006E0061006D0065002C00200043006F006E00740065006E0074002C002000570069006E004300610070002C002000410070007000500061007400680029002000560061006C007500650073002800270001001273006B007900700065002E006500780065000000"
"MonitoringTool:Win32/Powerspy.I","SIGNATURE_TYPE_THREAT_END","9F610200"
"_!Pushbot.UJ","SIGNATURE_TYPE_THREAT_BEGIN","F06902000000010005000C00A42150757368626F742E554A00000140058364000400"
"_!Pushbot.UJ","SIGNATURE_TYPE_PEHSTR","08000700080000010012257320257320222220226C6F6C22203A2573010007426F74506F6B650100097363616E2E73746F700100146D736E68696464656E77696E646F77636C61737301000A5B6175746F72756E5D00010020616374696F6E3D6F70656E20666F6C64657220746F20766965772066696C65730100080064646F736572000100125C00520045004300590043004C00450052000000"
"_!Pushbot.UJ","SIGNATURE_TYPE_THREAT_END","F0690200"
"_!Chepvil.I","SIGNATURE_TYPE_THREAT_BEGIN","B77302000000010004000B0088214368657076696C2E490000014005835C000400"
"_!Chepvil.I","SIGNATURE_TYPE_PEHSTR","0200020002000001001C85DB752531DB4380BDF4FBFFFF4D751931DB4380BDF5FBFFFF5A750D01000B6A006A006852080000FF150000"
"_!Chepvil.I","SIGNATURE_TYPE_THREAT_END","B7730200"
"_!Koobface.AV","SIGNATURE_TYPE_THREAT_BEGIN","CB7802000000010005000D00A4214B6F6F62666163652E415600000140058364000400"
"_!Koobface.AV","SIGNATURE_TYPE_PEHSTR","060006000600000200092F2E7379732E7068700200137363616E20646F6D61696E20617474656D70740100125961686F6F206D6C6F67696E20626567696E010008666F726D5B69645D0100104372656174654945203220626567696E0100156372797074656420636F64652064657465637465640000"
"_!Koobface.AV","SIGNATURE_TYPE_THREAT_END","CB780200"
"_!Alureon.FA","SIGNATURE_TYPE_THREAT_BEGIN","227C02000000010008000C00AC21416C7572656F6E2E464100000140058370000400"
"_!Alureon.FA","SIGNATURE_TYPE_PEHSTR","030003000300000100132661666669643D25732673756269643D25732601000C5B646174655F626567696E5D01000A4F4B5F494E5354414C4C0000"
"_!Alureon.FA","SIGNATURE_TYPE_THREAT_END","227C0200"
"_!Alureon.FI","SIGNATURE_TYPE_THREAT_BEGIN","368402000000010008000C00AC21416C7572656F6E2E464900000140058370000400"
"_!Alureon.FI","SIGNATURE_TYPE_PEHSTR","04000400040000010012255B5E2E5D2E255B5E285D28255B5E295D2901000E70687C25737C25737C25737C257301000B395E1C750DFF7610FF750801001431363031000000003134303000000000313230360000"
"_!Alureon.FI","SIGNATURE_TYPE_THREAT_END","36840200"
"MonitoringTool:Win32/Kittylogger.A","SIGNATURE_TYPE_THREAT_BEGIN","17890200000001000C0022004D6F6E69746F72696E67546F6F6C3A57696E33322F4B697474796C6F676765722E4100000140058232000400"
"MonitoringTool:Win32/Kittylogger.A","SIGNATURE_TYPE_PEHSTR","0300030003000001002C4B00690074007400790020004C006F0067006700650072002000530074006100720074006500640020005B000100144B004C007000650065006B002E0074007800740001003842007500730069006E006500730073005C004B00690074007400790020004C006F0067006700650072005C004B004C002E007600620070000000"
"MonitoringTool:Win32/Kittylogger.A","SIGNATURE_TYPE_THREAT_END","17890200"
"_!Koobface.AX","SIGNATURE_TYPE_THREAT_BEGIN","708D02000000010005000D00A4214B6F6F62666163652E415800000140058364000400"
"_!Koobface.AX","SIGNATURE_TYPE_PEHSTR","050005000500000200092F2E7379732E70687001001225733F6125736E3D257367656E26763D25730100104372656174654945203220626567696E0100156372797074656420636F646520646574656374656401000D64756D7020726573706F6E63650000"
"_!Koobface.AX","SIGNATURE_TYPE_THREAT_END","708D0200"
"Trojan:Win64/Alureon.gen!I","SIGNATURE_TYPE_THREAT_BEGIN","F49002000000010008001A0054726F6A616E3A57696E36342F416C7572656F6E2E67656E214900000140058370000400"
"Trojan:Win64/Alureon.gen!I","SIGNATURE_TYPE_PEHSTR","0300030004000001000D813B424B46537407B800A000C001001D418B0125FFFFFF038D0C83C1F90241330981E1FFFFFF0341330941890901001FB80D0000C04123C6413BC60F84E3000000488B45B833C98B5014C1E209FF15010025FFCA410BD5FFC20FB6DA41FEC08A041C4180E003880748FFC749FFCB4088341C75C84585D20000"
"Trojan:Win64/Alureon.gen!I","SIGNATURE_TYPE_THREAT_END","F4900200"
"Rogue:Win32/Naparb","SIGNATURE_TYPE_THREAT_BEGIN","629202000000010008001200526F6775653A57696E33322F4E617061726200000140058270000400"
"Rogue:Win32/Naparb","SIGNATURE_TYPE_PEHSTR","050005000500000300315768792063616E607420492072656D6F76652074686520766972757365732000FFFFFFFF90000000646574656374733F0002001254726F6A616E2E486F6F626C6F6E672E4100020043596F757220636F6D707574657220697320636F6D70726F6D69736564206279206861636B6572732C206164776172652C206D616C7761726520616E6420776F726D732101003368617320646574656374656420736F6D6520736572696F7573207468726561747320746F20796F757220636F6D7075746572210100226F6E65206F6620746865206265737420616E74697669727573657320746F6461793F0000"
"Rogue:Win32/Naparb","SIGNATURE_TYPE_THREAT_END","62920200"
"_!Killav.GM","SIGNATURE_TYPE_THREAT_BEGIN","46A502000000010008000B00AC214B696C6C61762E474D00000140058300000000"
"_!Killav.GM","SIGNATURE_TYPE_PEHSTR","0400040004000001001237313831423635343833413335363836413201001231443233443037434238413234393842424201001D393841413631394634374545314643373635394434313237413232304201000D5468000400008D44240C5056E80000"
"_!Killav.GM","SIGNATURE_TYPE_THREAT_END","46A50200"
"_!Vundo.gen!CC","SIGNATURE_TYPE_THREAT_BEGIN","14A802000000010008000E00AC2156756E646F2E67656E21434300000140058308000400"
"_!Vundo.gen!CC","SIGNATURE_TYPE_PEHSTR","0300030003000001000881FA278653FB744401000BB80010000050506A00FF1501000F83E11FD3C681EE631A00008934904A0000"
"_!Vundo.gen!CC","SIGNATURE_TYPE_THREAT_END","14A80200"
"_!Enumerate","SIGNATURE_TYPE_THREAT_BEGIN","5ACA02000000010001000B00EC21456E756D657261746500000140048201000400"
"_!Enumerate","SIGNATURE_TYPE_PEHSTR","02000200040000010015534F4654574152455C656E756D65726174655F677401000F656E756D73746174652E636F2E6B72010019746F707365617263682E656E756D65726174652E636F2E6B72010019656E756D73745C72656C656173655C656E756D73742E7064620000"
"_!Enumerate","SIGNATURE_TYPE_THREAT_END","5ACA0200"
"_!Killav.HG","SIGNATURE_TYPE_THREAT_BEGIN","584003000000010008000B00AC214B696C6C61762E484700000140058300000000"
"_!Killav.HG","SIGNATURE_TYPE_PEHSTR","0400040004000001001E7461736B6B696C6C202F66202F74202F696D204D5341534375692E6578650100126E65742073746F702057696E446566656E64010022736320636F6E6669672077756175736572762073746172743D2064697361626C656401003C5C00570069006E0064006F0077007300200044006500660065006E006400650072005C00730065006300750072006900740079002E0062006100740000000200"
"_!Killav.HG","SIGNATURE_TYPE_THREAT_END","58400300"
"MonitoringTool:MSIL/XLogger","SIGNATURE_TYPE_THREAT_BEGIN","7C6C0300000001000C001B004D6F6E69746F72696E67546F6F6C3A4D53494C2F584C6F6767657200000140058232000400"
"MonitoringTool:MSIL/XLogger","SIGNATURE_TYPE_PEHSTR","03000300030000010012584C6F676765722E50726F70657274696573010010454E41424C455F4B45594C4F47474552010011454E41424C455F53435245454E53484F5400000200"
"MonitoringTool:MSIL/XLogger","SIGNATURE_TYPE_THREAT_END","7C6C0300"
"_!SquareNet.I","SIGNATURE_TYPE_THREAT_BEGIN","63B903000000010001000D00EC215371756172654E65742E4900000140048201000400"
"_!SquareNet.I","SIGNATURE_TYPE_PEHSTR","020002000200000100126C00640074006D0070002E0064006100740001000C646F776E6C6F61642E6461740000"
"_!SquareNet.I","SIGNATURE_TYPE_THREAT_END","63B90300"
"_!Aplugger.A","SIGNATURE_TYPE_THREAT_BEGIN","66BB03000000010001000C00EC2141706C75676765722E4100000140048201000400"
"_!Aplugger.A","SIGNATURE_TYPE_PEHSTR","0500050005000001000C330032002E0065007800650001001632005500530045005200330032002E0044004C004C0001000E7374646F6C65322E746C625757570100115966696E644368696C644E616D6557575701001162737A4F626A6563744E616D65575757640000"
"_!Aplugger.A","SIGNATURE_TYPE_THREAT_END","66BB0300"
"_!Cjishu.A","SIGNATURE_TYPE_THREAT_BEGIN","4CC203000000010001000A00EC21436A697368752E4100000140048201000400"
"_!Cjishu.A","SIGNATURE_TYPE_PEHSTR","0200020004000001003C68007400740070003A002F002F006C0068002E0063006A0069007300680075002E0063006F006D002F0069006E006400650078002E0070006800700001003043003A005C004D0079004C006F0067005C00530076007200440065006200750067004C006F0067002E006C006F00670001004868007400740070003A002F002F00630061006C0065006E006400610072002E0063006A0069007300680075002E0063006F006D002F0069006E006400650078002E0070006800700001002045006E0063007200790044006100740061005300760063002E006500780065000000"
"_!Cjishu.A","SIGNATURE_TYPE_THREAT_END","4CC20300"
"_!Neoreklami.A","SIGNATURE_TYPE_THREAT_BEGIN","ECC903000000010001000E00EC214E656F72656B6C616D692E4100000140048201000400"
"_!Neoreklami.A","SIGNATURE_TYPE_PEHSTR","010001000100000100538B45F08B45E08B45F88B45F88B45F88B45DC8B45F4895E088B4C85E88B45F4894C85E833C081F9A27900000F9EC033C985C00F9EC133D281F913C00000894DD88B45F80F94C233C93BD00F9EC1894DF8895DF80000"
"_!Neoreklami.A","SIGNATURE_TYPE_THREAT_END","ECC90300"
"MonitoringTool:Win32/StaffCop.A","SIGNATURE_TYPE_THREAT_BEGIN","6DD80300000001000C001F004D6F6E69746F72696E67546F6F6C3A57696E33322F5374616666436F702E4100000140058232000400"
"MonitoringTool:Win32/StaffCop.A","SIGNATURE_TYPE_PEHSTR","140014000300000A001D4361707475726546696C654D6F6E69746F723A205B214552524F52215D05002C4300610070007400750072006500460069006C0065004D006F006E00690074006F00720050006F00720074000500105300740061006600660063006F0070000000"
"MonitoringTool:Win32/StaffCop.A","SIGNATURE_TYPE_THREAT_END","6DD80300"
"__Tracker.A","SIGNATURE_TYPE_THREAT_BEGIN","1DD903000000010001000B00EF01547261636B65722E4100000140048201000400"
"__Tracker.A","SIGNATURE_TYPE_PEHSTR","0500050005000001000F627579696E675F747261636B5F696401000E73616C65735F747261636B5F696401001873616C65735F63616D706169676E5F7461726765745F696401002041006E0061006C00790073006900730044006100740061002E0065007800650001001A6100730070006E00650074005F00770070002E006500780065000000"
"__Tracker.A","SIGNATURE_TYPE_THREAT_END","1DD90300"
"BrowserModifier:Win32/DeepSync.A","SIGNATURE_TYPE_THREAT_BEGIN","EEE80300000001000D00200042726F777365724D6F6469666965723A57696E33322F4465657053796E632E4100000140048211000400"
"BrowserModifier:Win32/DeepSync.A","SIGNATURE_TYPE_PEHSTR","0500040009000001000C5C41707053796E632E70646201002664006F003A002F002F00750070006400610074006500660072006F006D00740065006D00700001002C64006F003A002F002F007500700064006100740065003F00660072006F006D003D007300630068006500640001001C64006F003A002F002F006E006500780074007300740061006700650001002864006F003A002F002F0075006E0069006E007300740061006C006C003F0067007500690064003D0001003064006F003A002F002F007500700064006100740065003F00660072006F006D003D00730074006100720074007500700001001464006F003A002F002F006700750061007200640001001664006F003A002F002F0072006500740061006B00650001001664006F003A002F002F007200650076006900760065000000"
"BrowserModifier:Win32/DeepSync.A","SIGNATURE_TYPE_THREAT_END","EEE80300"
"BrowserModifier:Win32/DeepSync.B","SIGNATURE_TYPE_THREAT_BEGIN","EFE80300000001000D00200042726F777365724D6F6469666965723A57696E33322F4465657053796E632E4200000140048211000400"
"BrowserModifier:Win32/DeepSync.B","SIGNATURE_TYPE_PEHSTR","0400030006000001000E5C4170704D61737465722E70646201001E66006F007200630065003A002F002F0069006E007300740061006C006C0001002E66006F007200630065003A002F002F0075006E0069006E007300740061006C006C003F0067007500690064003D0001002E66006F007200630065003A002F002F00750070006400610074006500660072006F006D00740065006D0070003F0001003666006F007200630065003A002F002F007500700064006100740065003F00660072006F006D003D00730074006100720074007500700001003266006F007200630065003A002F002F007500700064006100740065003F00660072006F006D003D00730063006800650064000000"
"BrowserModifier:Win32/DeepSync.B","SIGNATURE_TYPE_THREAT_END","EFE80300"
"_!Phorpiex.BS!MTB","SIGNATURE_TYPE_THREAT_BEGIN","FEEB03000000010005001100A42150686F72706965782E4253214D544200000140058364000400"
"_!Phorpiex.BS!MTB","SIGNATURE_TYPE_PEHSTR","0400040004000001002A68007400740070003A002F002F00390032002E00360033002E003100390037002E003100350033002F0001001825006C0073005C0025006400250064002E0065007800650001009A500072006F006700720061006D0044006100740061005C004D006900630072006F0073006F00660074005C00570069006E0064006F00770073005C005300740061007200740020004D0065006E0075005C00500072006F006700720061006D0073005C0053007400610072007400550070005C00570069006E0064006F007700730044006500660065006E006400650072002E006500780065000100E8530059005300540045004D005C00430075007200720065006E00740043006F006E00740072006F006C005300650074005C00530065007200760069006300650073005C005300680061007200650064004100630063006500730073005C0050006100720061006D00650074006500720073005C004600690072006500770061006C006C0050006F006C006900630079005C005300740061006E006400610072006400500072006F00660069006C0065005C0041007500740068006F00720069007A00650064004100700070006C00690063006100740069006F006E0073005C004C006900730074000000"
"_!Phorpiex.BS!MTB","SIGNATURE_TYPE_THREAT_END","FEEB0300"
"_!Qjwmonkey.Z","SIGNATURE_TYPE_THREAT_BEGIN","2EEC03000000010001000D00EC21516A776D6F6E6B65792E5A00000140048201000400"
"_!Qjwmonkey.Z","SIGNATURE_TYPE_PEHSTR","0300030003000001001D4F75747075745C52656C656173655C425A446F776E6C6F61642E706462010018710071007000630074007200610079002E0065007800650001002868007400740070003A002F002F00630064006E002E007A0072007900390037002E0063006F006D000000"
"_!Qjwmonkey.Z","SIGNATURE_TYPE_THREAT_END","2EEC0300"
"SoftwareBundler:Win32/Prepscram.BM!MTB","SIGNATURE_TYPE_THREAT_BEGIN","96ED03000000010015002600536F66747761726542756E646C65723A57696E33322F50726570736372616D2E424D214D544200000140048248000400"
"SoftwareBundler:Win32/Prepscram.BM!MTB","SIGNATURE_TYPE_PEHSTR","0200020002000001002D8B4CB204330CB223CB330CB28BC1D1E983E00169C0DFB0089933C13384B2340600008904B24681FEE30000007C01002D8B4CB204330CB223CB330CB28BC1D1E983E00169C0DFB0089933C13384B274FCFFFF8904B24681FE6F0200007C0000"
"SoftwareBundler:Win32/Prepscram.BM!MTB","SIGNATURE_TYPE_THREAT_END","96ED0300"
"_!Cutoart.A!MSR","SIGNATURE_TYPE_THREAT_BEGIN","61F603000000010001000F00EC214375746F6172742E41214D535200000140048201000400"
"_!Cutoart.A!MSR","SIGNATURE_TYPE_PEHSTR","02000200020000010021687474703A2F2F756E696F6E2E68616F333630332E636F6D2F6170692F646F776E0100204D54497A4E4455324E7A67354D54497A4E4455324E7A67354D54497A4E4455320000"
"_!Cutoart.A!MSR","SIGNATURE_TYPE_THREAT_END","61F60300"
"MonitoringTool:Win32/Ardamax.A!MSR","SIGNATURE_TYPE_THREAT_BEGIN","B8F60300000001000C0022004D6F6E69746F72696E67546F6F6C3A57696E33322F417264616D61782E41214D535200000140058232000400"
"MonitoringTool:Win32/Ardamax.A!MSR","SIGNATURE_TYPE_PEHSTR","0D000D000500000100344B00650079006C006F00670067006500720073002E0072006F00200044006900730074007200690062007500740069006F006E000100206B00650079006C006F00670067006500720020007600690065007700650072000100166D0073006E006D007300670072002E006500780065000A000E61007200640061006D0061007800010013756E686F6F6B77696E646F7773686F6F6B657800000B00"
"MonitoringTool:Win32/Ardamax.A!MSR","SIGNATURE_TYPE_THREAT_END","B8F60300"
"SoftwareBundler:Win32/Prepscram.BA!MTB","SIGNATURE_TYPE_THREAT_BEGIN","C3F603000000010015002600536F66747761726542756E646C65723A57696E33322F50726570736372616D2E4241214D544200000140048248000400"
"SoftwareBundler:Win32/Prepscram.BA!MTB","SIGNATURE_TYPE_PEHSTR","0100010001000001002B8B4520897DC88A0C068BC6F775148B4508884D0F8A040232C18B4D1888040E8B45BC8945EC8B45D48945FC0000"
"SoftwareBundler:Win32/Prepscram.BA!MTB","SIGNATURE_TYPE_THREAT_END","C3F60300"
"_!Adposhel.S!MTB","SIGNATURE_TYPE_THREAT_BEGIN","C9F803000000010001001000EC214164706F7368656C2E53214D544200000140048201000400"
"_!Adposhel.S!MTB","SIGNATURE_TYPE_PEHSTR","030003000300000100444A00650074006D0065006400690061005C004E00610074006900760065004400650073006B0074006F0070004D006500640069006100530065007200760069006300650001004C7B00370031003100450030003700350039002D0033003200340035002D0034003900430036002D0041003400440030002D004200350045004500390039004200320045004300410032007D00010024536F6674776172655C43617068796F6E5C416476616E63656420496E7374616C6C65725C0000"
"_!Adposhel.S!MTB","SIGNATURE_TYPE_THREAT_END","C9F80300"
"_!Adpeak.S!MTB","SIGNATURE_TYPE_THREAT_BEGIN","73FA03000000010001000E00EC2141647065616B2E53214D544200000140048201000400"
"_!Adpeak.S!MTB","SIGNATURE_TYPE_PEHSTR","0300030003000001002C434C5349445C7B31304144324336312D303839382D343334382D383630302D3134413334324632324143337D010012642E6B68623039772E636F6D2F7875696F7701002A536F6674776172655C417070446174614C6F775C536F6674776172655C53636F7270696F6E53617665720000"
"_!Adpeak.S!MTB","SIGNATURE_TYPE_THREAT_END","73FA0300"
"_!Gator.GJ!ibt","SIGNATURE_TYPE_THREAT_BEGIN","21FB03000000010001000E00EC214761746F722E474A2169627400000140048201000400"
"_!Gator.GJ!ibt","SIGNATURE_TYPE_PEHSTR","06000600060000010011747269636B6C652E6761746F722E626C6101000B5177657274797569496E6601001553696C656E74536574757020636F6D706C65746573010014547269636B6C657252756E6E696E674D757465780100096761746F722E636F6D01000B49454761746F722E696E660000"
"_!Gator.GJ!ibt","SIGNATURE_TYPE_THREAT_END","21FB0300"
"SoftwareBundler:Win32/Prepscram.CA!MTB","SIGNATURE_TYPE_THREAT_BEGIN","0BFE03000000010015002600536F66747761726542756E646C65723A57696E33322F50726570736372616D2E4341214D544200000140048248000400"
"SoftwareBundler:Win32/Prepscram.CA!MTB","SIGNATURE_TYPE_PEHSTR","0100010001000001002D89751433D28B75C48BC6F775E08B45088A0C028B45208A040632C18B4D1888040E8B45B08945B88B45CC8945F40000"
"SoftwareBundler:Win32/Prepscram.CA!MTB","SIGNATURE_TYPE_THREAT_END","0BFE0300"
"_!InstallUnion.I!MTB","SIGNATURE_TYPE_THREAT_BEGIN","7D1F04000000010001001400EC21496E7374616C6C556E696F6E2E49214D544200000140048201000400"
"_!InstallUnion.I!MTB","SIGNATURE_TYPE_PEHSTR","0500050005000001001C5000720065006D006900650072004F00700069006E0069006F006E000100285000490031003000330032002F0043006F006E00740065006E007400490033002E0065007800650001004835002E0038002E00380038002E00310034002F0064006F0077006E006C006F006100640073002F0049006E006C006F006700420072006F0077007300650072002E0065007800650001002E6700650074006D0079007400610062002E006E00650074002F006D00790074006100620034002E0065007800650001002249006E007300740061006C006C0055006E0069006F006E005C0031003500330038000000"
"_!InstallUnion.I!MTB","SIGNATURE_TYPE_THREAT_END","7D1F0400"
"__Dotdo.SR!MSR","SIGNATURE_TYPE_THREAT_BEGIN","FA2604000000010001000E00EF01446F74646F2E5352214D535200000140048201000400"
"__Dotdo.SR!MSR","SIGNATURE_TYPE_PEHSTR","0100010001000001002FFA2533001600000100000011000000020000000300000002000000110000000C00000001000000010000000200000000000100"
"__Dotdo.SR!MSR","SIGNATURE_TYPE_THREAT_END","FA260400"
"_!HPDefender.KT","SIGNATURE_TYPE_THREAT_BEGIN","102A04000000010001000F00EC214850446566656E6465722E4B5400000140048201000400"
"_!HPDefender.KT","SIGNATURE_TYPE_PEHSTR","02000200010000020050443A5C70726F6A656374735C6E65775F436C69636B65725C5349565C6F726967696E616C5C6461656D6F6E5C4E6577436C6965636B6572446C6C5C52656C656173655C5349565570646174652E7064620000"
"_!HPDefender.KT","SIGNATURE_TYPE_THREAT_END","102A0400"
"_!Maldown.A!MTB","SIGNATURE_TYPE_THREAT_BEGIN","B23204000000010001000F00EC214D616C646F776E2E41214D544200000140048201000400"
"_!Maldown.A!MTB","SIGNATURE_TYPE_PEHSTR","0300020006000001004668007400740070003A002F002F007A006100780061007200730074006F007200650032002E0063006F006D002F0064006F0077006E006C006F00610064002E0070006800700001003C68007400740070003A002F002F0064007200650070006C0065002E0063006F006D002F0064006F0077006E006C006F00610064002E00700068007000010042680074007400700073003A002F002F00730061006C00650062006F006F006B0073002E00780079007A002F006100700070002F006100700070002E0065007800650001005253006F006600740077006100720065005C004D006900630072006F0073006F00660074005C00570069006E0064006F007700730055007000640061007400650072005C00700075007300680062006F00740001002253006F006600740077006100720065005C00700075007300680062006F007400320001001666007200650065006B007A0076006900640065006F000000"
"_!Maldown.A!MTB","SIGNATURE_TYPE_THREAT_END","B2320400"
"_!C2Lop.AL!MTB","SIGNATURE_TYPE_THREAT_BEGIN","D2A604000000010008000E00AC2143324C6F702E414C214D544200000140058370000400"
"_!C2Lop.AL!MTB","SIGNATURE_TYPE_PEHSTR","140014000200000A002081004786C861C3C1E0048901C333442404C204008100CC36EFC6C32908C301080A000D8B45E88B4DF003C3D3EB8945CC0000"
"_!C2Lop.AL!MTB","SIGNATURE_TYPE_THREAT_END","D2A60400"
"_!Dofoil.AS","SIGNATURE_TYPE_THREAT_BEGIN","4E0305000000010004000B008821446F666F696C2E41530000014005835C000400"
"_!Dofoil.AS","SIGNATURE_TYPE_PEHSTR","0200020002000001001DA108CF45008945F88145F8430D00008B45F8A308CF4500FF1508CF4500010011A10CCF45008A8C1076F10800A108CF45000000"
"_!Dofoil.AS","SIGNATURE_TYPE_THREAT_END","4E030500"
"_!Dofoil.AU","SIGNATURE_TYPE_THREAT_BEGIN","750605000000010004000B008821446F666F696C2E41550000044005835C000400"
"_!Dofoil.AU","SIGNATURE_TYPE_PEHSTR","03000300030000010016E8E7DF000083C404681A040000FFD76A00E8E9DC000001000C6A0068DFE2F001E84EFBFFFF010018480065006C006C0053007400610072002E006500780065000000"
"_!Dofoil.AU","SIGNATURE_TYPE_PEHSTR","0200020002000001003E680074007400700073003A002F002F007A007A007A00690070002E00740069006E0079002E00750073002F006D006100780030003200310035003400610001002443006B0070006700610075006900640071007A006B006800700069006E007900650070000000"
"_!Dofoil.AU","SIGNATURE_TYPE_PEHSTR","0700070007000002002652006F007500740065007300200049006E007300740061006C006C006100740069006F006E000200247300650061007200630068005F0068007900700065007200660073005F0032003100330002000E790061006E00770061006E00670001001666006900780074006F006F006C002E00650078006500010016530062006900650044006C006C002E0064006C006C000100145600690072007400750061006C0042006F0078000100106200650061007200760070006E0033000000"
"_!Dofoil.AU","SIGNATURE_TYPE_PEHSTR","03000300040000010036680074007400700073003A002F002F00690070006C006F0067006700650072002E006F00720067002F00310055007300680070003700010036680074007400700073003A002F002F00690070006C006F0067006700650072002E006F00720067002F0031006E00470055006900370001003468007400740070003A002F002F003100390035002E003100360031002E00360038002E00350038002F0031002E00650078006500010026470061006D006500730020006F006600200074006800650020006300680072006F006D0065000000"
"_!Dofoil.AU","SIGNATURE_TYPE_THREAT_END","75060500"
"_!Vundo.CA!MTB","SIGNATURE_TYPE_THREAT_BEGIN","DD1805000000010008000E00AC2156756E646F2E4341214D544200000140058308000400"
"_!Vundo.CA!MTB","SIGNATURE_TYPE_PEHSTR","0200020002000001000BBAE27F9CD5301040490F8501000F8BDF2BD88A03880747BB02000000E90000"
"_!Vundo.CA!MTB","SIGNATURE_TYPE_THREAT_END","DD180500"
